-- phpMyAdmin SQL Dump
-- version 4.7.4
-- https://www.phpmyadmin.net/
--
-- Host: 127.0.0.1
-- Generation Time: 16 Jan 2018 pada 09.58
-- Versi Server: 10.1.26-MariaDB
-- PHP Version: 7.1.9

SET SQL_MODE = "NO_AUTO_VALUE_ON_ZERO";
SET AUTOCOMMIT = 0;
START TRANSACTION;
SET time_zone = "+00:00";


/*!40101 SET @OLD_CHARACTER_SET_CLIENT=@@CHARACTER_SET_CLIENT */;
/*!40101 SET @OLD_CHARACTER_SET_RESULTS=@@CHARACTER_SET_RESULTS */;
/*!40101 SET @OLD_COLLATION_CONNECTION=@@COLLATION_CONNECTION */;
/*!40101 SET NAMES utf8mb4 */;

--
-- Database: `tb_device`
--

-- --------------------------------------------------------

--
-- Struktur dari tabel `tb_device`
--

CREATE TABLE `tb_device` (
  `No` int(11) NOT NULL,
  `server_IP` text NOT NULL,
  `server_port` text NOT NULL,
  `device_sn` text NOT NULL
) ENGINE=InnoDB DEFAULT CHARSET=latin1;

--
-- Dumping data untuk tabel `tb_device`
--

INSERT INTO `tb_device` (`No`, `server_IP`, `server_port`, `device_sn`) VALUES
(29, '192.168.1.10', '8080', '66595015390139');

-- --------------------------------------------------------

--
-- Struktur dari tabel `tb_scanlog`
--

CREATE TABLE `tb_scanlog` (
  `sn` text NOT NULL,
  `scan_date` timestamp NOT NULL DEFAULT CURRENT_TIMESTAMP ON UPDATE CURRENT_TIMESTAMP,
  `pin` text NOT NULL,
  `verifymode` int(11) NOT NULL,
  `iomode` int(11) NOT NULL,
  `workcode` int(11) NOT NULL
) ENGINE=InnoDB DEFAULT CHARSET=latin1;

--
-- Dumping data untuk tabel `tb_scanlog`
--

INSERT INTO `tb_scanlog` (`sn`, `scan_date`, `pin`, `verifymode`, `iomode`, `workcode`) VALUES
('66595015390139', '2018-01-16 09:44:03', '4', 1, 1, 0),
('66595015390139', '2018-01-16 09:44:06', '1', 1, 1, 0),
('66595015390139', '2018-01-16 09:44:15', '2', 1, 1, 0),
('66595015390139', '2018-01-16 09:44:35', '5', 1, 1, 0),
('66595015390139', '2018-01-16 09:44:46', '3', 1, 1, 0),
('66595015390139', '2018-01-16 09:45:03', '4', 1, 1, 0),
('66595015390139', '2018-01-16 09:46:10', '5', 1, 1, 0),
('66595015390139', '2018-01-16 09:46:24', '4', 1, 1, 0),
('66595015390139', '2018-01-16 09:47:22', '2', 1, 1, 0),
('66595015390139', '2018-01-16 09:47:30', '5', 1, 1, 0),
('66595015390139', '2018-01-16 09:47:42', '4', 1, 1, 0),
('66595015390139', '2018-01-16 09:47:48', '3', 1, 1, 0),
('66595015390139', '2018-01-16 09:48:08', '1', 1, 1, 0),
('66595015390139', '2018-01-16 09:48:33', '5', 1, 1, 0),
('66595015390139', '2018-01-16 09:48:44', '4', 1, 1, 0),
('66595015390139', '2018-01-16 09:49:09', '2', 1, 1, 0),
('66595015390139', '2018-01-16 09:49:18', '3', 1, 1, 0),
('66595015390139', '2018-01-16 09:49:34', '1', 1, 1, 0),
('66595015390139', '2018-01-16 09:49:55', '5', 1, 1, 0),
('66595015390139', '2018-01-16 09:50:02', '4', 1, 1, 0),
('66595015390139', '2018-01-16 09:51:01', '3', 1, 1, 0),
('66595015390139', '2018-01-16 09:51:10', '4', 1, 1, 0),
('66595015390139', '2018-01-16 09:51:17', '5', 1, 1, 0),
('66595015390139', '2018-01-16 08:54:29', '1', 1, 1, 0),
('66595015390139', '2018-01-16 08:54:34', '3', 1, 1, 0);

-- --------------------------------------------------------

--
-- Struktur dari tabel `tb_template`
--

CREATE TABLE `tb_template` (
  `pin` text NOT NULL,
  `finger_idx` int(11) NOT NULL,
  `alg_ver` int(11) NOT NULL,
  `template` text NOT NULL
) ENGINE=InnoDB DEFAULT CHARSET=latin1;

--
-- Dumping data untuk tabel `tb_template`
--

INSERT INTO `tb_template` (`pin`, `finger_idx`, `alg_ver`, `template`) VALUES
('1', 0, 39, '1E:14:0B:17:13:12:1B:0C:52:7A:51:50:57:56:55:54:4B:4A:49:48:4F:4E:4D:4C:43:42:41:40:47:46:45:44:7B:7A:79:78:7F:7E:7D:7C:73:72:71:70:77:76:75:74:6B:6A:69:68:6F:6E:6D:6C:63:62:61:60:67:66:65:64:1B:1A:19:18:1F:1E:1D:1C:13:12:11:10:17:16:15:14:8B:F1:33:0C:79:48:24:52:5F:63:65:7C:63:7B:C3:07:21:1F:2B:2C:3B:3D:38:37:3F:3F:31:31:3F:31:11:32:35:09:23:3F:3C:8F:78:E8:4E:A5:7C:57:E3:F1:3D:3D:C3:C4:C7:CF:C3:C3:C5:FD:CE:37:55:F5:5F:A9:47:64:DC:50:CA:D3:DB:C8:DF:D9:CA:C0:E9:C5:D4:D4:DF:C8:FF:E1:DD:E2:E9:F5:D8:E9:F3:F1:EB:EB:EE:F7:FD:E6:F0:C8:FF:EE:E6:E7:ED:F6:F8:FE:FC:C0:EA:F9:F5:CC:90:98:8E:86:89:81:8E:8B:83:BA:9E:91:95:87:90:8C:86:95:97:9B:8A:AD:86:8E:93:8C:91:A2:A7:A8:A8:B0:85:FA:A7:6A:48:56:5F:04:9F:5C:0C:94:CF:C3:D8:D9:E3:C8:FF:3E:93:FF:3B:92:21:C3:99:2B:F0:08:F1:FD:DF:CA:6D:1F:CF:C2:3B:05:30:32:18:1B:06:1B:7E:67:60:2B:3E:CA:19:4E:4D:4C:43:42:41:40:47:46:45:44:7B:7A:79:78:7F:7E:7D:7C:73:72:71:70:2A:EC:D4:24:06:C0:39:32:11:22:CB:CD:D0:DF:22:A3:A0:D7:1E:CD:69:62:83:C9:C9:2E:70:72:3C:3C:A7:D1:27:3C:5A:A8:78:81:2E:2D:93:0E:0D:0C:03:02:01:00:07:06:05:04:3B:3A:39:38:3F:3E:3D:3C:33:32:31:30:D7:E6:FD:4C:83:EA:29:C8:1F:BE:FD:EC:EB:63:B9:E8:1F:46:95:E4:03:82:69:F0:C6:BE:5D:D4:2B:5A:11:90:DF:5E:F5:94:7B:09:3A:BB:03:CE:CD:CC:C3:C2:C1:C0:C7:C6:C5:C4:FB:FA:F9:F8:FF:FE:FD:FC:F3:F2:F1:F0:08:09:0A:0B:14:15:16:17:50:EE:ED:D0:1D:1D:1E:1F:EC:E6:B0:ED:64:65:66:A7:9F:CE:88:6C:6C:6D:6E:93:97:C3:94:6B:74:75:82:88:8F:8E:4D:73:7C:BD:81:80:87:86:79:7B:44:BA:B9:B8:BF:7E:42:43:BC:B2:B1:B0:B7:4A:4A:4B:A9:AA:A9:A8:AF:51:52:A3:A3:A2:A1:A0:57:59:5A:A4:5B:5A:59:58:A1:A1:72:5C:53:52:51:A0:A8:A9:55:54:4B:4A:49:B7:B0:41:4D:4C:43:42:B1:BF:B8:46:45:51:7B:7A:85:87:70:7E:2D:7D:73:92:8E:8F:77:D6:63:74:6B:90:96:47:6F:44:6D:6C:A3:9D:9E:62:C7:64:65:64:E7:E5:76:18:1F:1E:1D:FC:EC:ED:13:10:17:16:15:E8:F4:25:09:08:0F:0E:ED:F3:FC:03:01:00:07:06:FB:FB:04:3A:39:38:3F:D6:C2:C3:38:32:31:30:D7:C9:CA:CB:2F:8A:A3:A8:D0:D1:D2:C3:F9:DD:DF:DF:D8:D9:DA:DB:24:25:26:27:20:21:22:23:2C:2D:2E:2F:28:D6:D5:CC:D3:CA:C9:C8:C2:7D:14:71:0C:57:3A:72:78:3E:D6:16:D3:FA:F2:00:DF:27:F1:13:D3:1B:0F:B6:D4:D9:E2:EC:CD:B9:D8:81:17:53:EE:EC:1B:5F:E2:E0:DF:5A:E6:E4:A3:66:96:98:64:63:92:9C:60:6F:9E:90:64:77:96:94:8B:72:86:88:8F:76:83:8C:83:7A:8F:80:47:87:8B:84:40:5D:86:B8:44:51:82:BC:48:5D:8E:B0:4C:A9:B5:B4:53:B5:A9:A8:90:AD:57:50:90:AF:57:50:A8:AF:4D:50:4B:5F:AD:B0:4B:50:AD:B0:4F:4E:4D:4C:43:42:41:40:27:26:25:24:3B:3A:39:38:3F:3E:3D:3C:33:32:31:30:17:16:15:14:6B:6A:69:68:6F:6E:6D:6C:63:62:61:60:47:46:45:44:5B:5A:59:58:5F:5E:5D:5C:53:52:51:50:37:36:35:34:0B:0A:09:08:0F:0E:0D:0C:03:02:01:00:E7:E6:E5:E4:FB:FA:F9:F8:FF:FE:FD:FC:F3:F2:F1:F0:D7:D6:D5:D4:2B:2A:29:28:2F:2E:2D:2C:23:22:21:20:2B:2A:29:28:2F:2E:2D:2C:23:22:21:20:27:26:25:24:DB:DA:D9:D8:DF:DE:DD:DC:D3:D2:D1:D0:D7:D6:D5:D4:CB:CA:C9:C8:CF:CE:CD:CC:C3:C2:C1:C0:C7:C6:C5:C4:FB:FA:F9:F8:FF:FE:FD:FC:F3:F2:F1:F0:F7:F6:F5:F4:EB:EA:E9:E8:EF:EE:ED:EC:E3:E2:E1:E0:E7:E6:E5:E4:9B:9A:99:98:9F:9E:9D:9C:93:92:91:90:97:96:95:94:8B:8A:89:88:8F:8E:8D:8C:83:82:81:80:87:86:85:84:BB:BA:B9:B8:BF:BE:BD:BC:B3:B2:B1:B0:B7:B6:B5:B4:AB:AA:A9:A8:AF:AE:AD:AC:A3:A2:A1:A0:A7:A6:A5:A4:5B:5A:59:58:5F:5E:5D:5C:53:52:51:50:57:56:55:54:4B:4A:49:48:4F:4E:4D:4C:43:42:41:40:47:46:45:44:7B:7A:79:78:7F:7E:7D:7C:73:72:71:70:77:76:75:74:6B:6A:69:68:6F:6E:6D:6C:63:62:61:60:67:66:65:64:1B:1A:19:18:1F:1E:1D:1C:13:12:11:10:17:16:15:14:0B:0A:09:08:0F:0E:0D:0C:03:02:01:00:07:06:05:04:3B:3A:39:38:3F:3E:3D:3C:33:32:31:30:37:36:35:34:2B:2A:29:28:2F:2E:2D:2C:23:22:21:20:27:26:25:24:DB:DA:D9:D8:DF:DE:DD:DC:D3:D2:D1:D0:D7:D6:D5:D4:CB:CA:C9:C8:CF:CE:CD:CC:C3:C2:C1:C0:C7:C6:C5:C4:FB:FA:F9:F8:FF:FE:FD:FC:F3:F2:F1:F0:F7:F6:F5:F4:EB:EA:E9:E8:EF:EE:ED:EC:E3:E2:E1:E0:E7:E6:E5:E4:9B:9A:99:98:9F:9E:9D:9C:93:92:91:90:97:96:95:94:8B:8A:89:88:8F:8E:8D:8C:83:82:81:80:87:86:85:84:BB:BA:B9:B8:BF:BE:BD:BC:B3:B2:B1:B0:B7:B6:B5:B4:AB:AA:A9:A8:AF:AE:AD:AC:A3:A2:A1:A0:A7:A6:A5:A4:5B:5A:59:58:5F:5E:5D:5C:53:52:51:50:57:56:55:54:4B:4A:49:48:4F:4E:4D:4C:43:42:41:40:47:46:45:44:7B:7A:79:78:7F:7E:7D:7C:73:72:71:70:77:76:75:74:6B:6A:69:68:6F:6E:6D:6C:63:62:61:60:67:66:65:64:1B:1A:19:18:1F:1E:1D:1C:13:12:11:10:17:16:15:14:0B:0A:09:08:0F:0E:0D:0C:03:02:01:00:07:06:05:04:3B:3A:39:38:3F:3E:3D:3C:33:32:31:30:37:36:35:34:2B:2A:29:28:2F:2E:2D:2C:23:22:21:20:27:26:25:24:DB:DA:D9:D8:DF:DE:DD:DC:D3:D2:D1:D0:D7:D6:D5:D4:CB:CA:C9:C8:CF:CE:CD:CC:C3:C2:C1:C0:C7:C6:C5:C4:FB:FA:F9:F8:FF:FE:FD:FC:F3:F2:F1:F0:F7:F6:F5:F4:EB:EA:E9:E8:EF:EE:ED:EC:E3:E2:E1:E0:E7:E6:E5:E4:9B:9A:99:98:9F:9E:9D:9C:93:92:91:90:97:96:95:94:8B:8A:89:88:8F:8E:8D:8C:83:82:81:80:87:86:85:84:BB:BA:B9:B8:BF:BE:BD:BC:B3:B2:B1:B0:B7:B6:B5:B4:AB:AA:A9:A8:AF:AE:AD:AC:A3:A2:A1:A0:A7:A6:A5:A4:5B:5A:59:58:5F:5E:5D:5C:53:52:51:50:57:56:55:54:4B:4A:49:48:4F:4E:4D:4C:43:42:41:40:47:46:45:44:7B:7A:79:78:7F:7E:7D:7C:73:72:71:70:77:76:75:74:6B:6A:69:68:6F:6E:6D:6C:63:62:61:60:67:66:65:64:1B:1A:19:18:1F:1E:1D:1C:13:12:11:10:17:16:15:14:0B:0A:09:08:0F:0E:0D:0C:03:02:01:00:07:06:05:04:3B:3A:39:38:3F:3E:3D:3C:33:32:31:30:37:36:35:34:2B:2A:29:28:2F:2E:2D:2C:23:22:21:20:27:26:25:24:DB:DA:D9:D8:DF:DE:DD:DC:D3:D2:D1:D0:D7:D6:D5:D4:'),
('1', 1, 39, '1E:14:0B:17:13:12:1B:0C:52:7A:51:50:57:56:55:54:4B:4A:49:48:4F:4E:4D:4C:43:42:41:40:47:46:45:44:7B:7A:79:78:7F:7E:7D:7C:73:72:71:70:77:76:75:74:6B:6A:69:68:6F:6E:6D:6C:63:62:61:60:67:66:65:64:1B:1A:19:18:1F:1E:1D:1C:13:12:11:10:17:16:15:14:8B:87:F6:0C:F0:43:24:5F:58:5F:7D:6C:7B:7C:D5:07:37:39:39:19:2D:3B:3B:35:28:3D:33:13:23:3B:23:29:31:34:2E:38:72:E5:F9:61:DF:2C:02:0B:D2:E5:3B:3E:C3:C0:C4:EC:FD:C4:C5:C6:AF:FE:F7:5C:11:B1:ED:FF:1A:76:C2:C5:DE:EF:C3:CA:E4:E6:DD:DD:C2:D3:CC:D0:EE:E8:EA:FD:EE:FD:F9:F2:E2:D5:D9:EB:FB:E4:DD:EF:EB:E5:F8:E3:E8:ED:CE:F0:F6:C6:E8:F4:EE:FB:FB:C2:99:9E:9A:85:B9:84:99:80:95:91:9B:86:BF:9E:9E:87:A9:93:91:9E:98:89:87:9F:96:AF:9D:94:9E:BF:C2:C9:8B:F9:4B:BC:70:9B:AD:09:90:A9:57:AB:20:2A:FE:39:27:02:E6:D4:CE:C1:D8:C7:CA:FE:F3:00:39:DD:2C:34:FE:FB:D7:EC:EE:F2:08:2E:F3:2F:2D:FC:1B:23:02:CD:E3:03:3C:39:36:4E:4D:4C:43:42:41:40:47:46:45:44:7B:7A:79:78:7F:7E:7D:7C:73:72:71:70:F6:0C:1B:24:23:3F:2A:D7:AD:40:A7:E3:12:F7:F9:D2:AB:E4:EA:F2:75:78:B5:A9:A3:DD:3F:B5:3E:25:06:06:D1:9B:A9:2D:30:CA:02:92:93:0E:0D:0C:03:02:01:00:07:06:05:04:3B:3A:39:38:3F:3E:3D:3C:33:32:31:30:E7:E6:9D:DC:53:CA:B1:50:AF:AE:AC:ED:8B:9A:99:51:A6:EE:74:E5:03:BA:D8:80:BF:AE:D4:84:BB:52:A9:B0:C5:1C:5F:A7:28:D8:B2:15:9A:CE:CD:CC:C3:C2:C1:C0:C7:C6:C5:C4:FB:FA:F9:F8:FF:FE:FD:FC:F3:F2:F1:F0:08:09:DA:E1:EB:1A:16:17:10:E5:B8:ED:E3:1F:1E:1F:D8:E6:E5:E4:6B:65:66:67:9C:9E:9D:DC:6C:6D:6E:AF:97:96:95:64:74:75:76:8B:8F:CE:D8:70:7C:7D:AE:80:87:D2:40:7B:44:45:B9:B8:FF:EB:45:43:4C:BD:B1:B0:B7:F6:4A:4B:54:AA:A9:A8:AF:5E:52:53:AC:A2:A1:A0:27:59:5A:5B:5B:5A:59:58:A7:A1:A2:53:53:52:51:D0:A8:A9:AA:54:4B:4A:49:B8:B0:B1:42:4C:43:42:41:BF:B8:B9:45:14:7A:7A:89:87:80:61:7D:69:73:F2:8E:8F:88:77:D5:7E:6B:9E:96:97:50:6E:C7:6C:23:9D:9E:9F:64:C6:6F:64:E3:E5:E6:27:1F:1E:1D:9C:EC:ED:EE:43:16:16:15:E8:F4:F5:76:1D:0F:0E:CD:F3:FC:FD:56:01:07:06:F9:FB:C4:45:3C:38:3F:CE:C2:C3:CC:0D:39:30:F7:C9:CA:CB:D4:81:83:82:D1:D1:D2:D3:DC:DD:DE:DF:D8:D9:DA:DB:24:25:26:27:20:21:22:23:2C:2D:2E:2F:28:51:43:CC:D3:CA:C9:C8:3D:6E:1F:17:24:7C:F5:2A:5C:13:3C:CC:06:17:F8:00:BB:10:30:11:B8:F7:0D:EC:C1:D3:E0:10:F4:8D:F0:8D:E8:EE:ED:EC:DF:22:E0:E0:1B:26:E4:E4:67:64:9A:98:67:61:A2:9C:53:6D:AE:90:6F:AD:AA:94:35:B1:8E:88:B1:4E:8A:8C:8D:42:8E:80:47:47:8A:84:7C:45:B6:B8:78:41:42:BD:4C:4D:4E:B1:48:B1:4D:B5:54:AD:A9:A8:6F:53:AA:AC:63:5D:A6:A0:5F:59:B8:A4:A0:B5:44:58:A4:BE:40:5C:AC:AC:AC:AC:A4:A4:A4:A4:BC:BC:BC:BC:A4:A4:A4:A4:AC:AC:AC:AC:A4:A4:A4:A4:9C:9C:9C:9C:E4:E4:E4:E4:EC:EC:EC:EC:E4:E4:E4:E4:FC:FC:FC:FC:E4:E4:E4:E4:EC:EC:EC:EC:E4:E4:E4:E4:9C:9C:9C:9C:A4:A4:A4:A4:AC:AC:AC:AC:A4:A4:A4:A4:BC:BC:BC:BC:A4:A4:A4:A4:AC:AC:AC:AC:A4:A4:A4:A4:9C:9C:9C:9C:64:64:64:64:6C:6C:6C:6C:64:64:64:64:2B:2A:29:28:2F:2E:2D:2C:23:22:21:20:27:26:25:24:DB:DA:D9:D8:DF:DE:DD:DC:D3:D2:D1:D0:D7:D6:D5:D4:CB:CA:C9:C8:CF:CE:CD:CC:C3:C2:C1:C0:C7:C6:C5:C4:FB:FA:F9:F8:FF:FE:FD:FC:F3:F2:F1:F0:F7:F6:F5:F4:EB:EA:E9:E8:EF:EE:ED:EC:E3:E2:E1:E0:E7:E6:E5:E4:9B:9A:99:98:9F:9E:9D:9C:93:92:91:90:97:96:95:94:8B:8A:89:88:8F:8E:8D:8C:83:82:81:80:87:86:85:84:BB:BA:B9:B8:BF:BE:BD:BC:B3:B2:B1:B0:B7:B6:B5:B4:AB:AA:A9:A8:AF:AE:AD:AC:A3:A2:A1:A0:A7:A6:A5:A4:5B:5A:59:58:5F:5E:5D:5C:53:52:51:50:57:56:55:54:4B:4A:49:48:4F:4E:4D:4C:43:42:41:40:47:46:45:44:7B:7A:79:78:7F:7E:7D:7C:73:72:71:70:77:76:75:74:6B:6A:69:68:6F:6E:6D:6C:63:62:61:60:67:66:65:64:1B:1A:19:18:1F:1E:1D:1C:13:12:11:10:17:16:15:14:0B:0A:09:08:0F:0E:0D:0C:03:02:01:00:07:06:05:04:3B:3A:39:38:3F:3E:3D:3C:33:32:31:30:37:36:35:34:2B:2A:29:28:2F:2E:2D:2C:23:22:21:20:27:26:25:24:DB:DA:D9:D8:DF:DE:DD:DC:D3:D2:D1:D0:D7:D6:D5:D4:CB:CA:C9:C8:CF:CE:CD:CC:C3:C2:C1:C0:C7:C6:C5:C4:FB:FA:F9:F8:FF:FE:FD:FC:F3:F2:F1:F0:F7:F6:F5:F4:EB:EA:E9:E8:EF:EE:ED:EC:E3:E2:E1:E0:E7:E6:E5:E4:9B:9A:99:98:9F:9E:9D:9C:93:92:91:90:97:96:95:94:8B:8A:89:88:8F:8E:8D:8C:83:82:81:80:87:86:85:84:BB:BA:B9:B8:BF:BE:BD:BC:B3:B2:B1:B0:B7:B6:B5:B4:AB:AA:A9:A8:AF:AE:AD:AC:A3:A2:A1:A0:A7:A6:A5:A4:5B:5A:59:58:5F:5E:5D:5C:53:52:51:50:57:56:55:54:4B:4A:49:48:4F:4E:4D:4C:43:42:41:40:47:46:45:44:7B:7A:79:78:7F:7E:7D:7C:73:72:71:70:77:76:75:74:6B:6A:69:68:6F:6E:6D:6C:63:62:61:60:67:66:65:64:1B:1A:19:18:1F:1E:1D:1C:13:12:11:10:17:16:15:14:0B:0A:09:08:0F:0E:0D:0C:03:02:01:00:07:06:05:04:3B:3A:39:38:3F:3E:3D:3C:33:32:31:30:37:36:35:34:2B:2A:29:28:2F:2E:2D:2C:23:22:21:20:27:26:25:24:DB:DA:D9:D8:DF:DE:DD:DC:D3:D2:D1:D0:D7:D6:D5:D4:CB:CA:C9:C8:CF:CE:CD:CC:C3:C2:C1:C0:C7:C6:C5:C4:FB:FA:F9:F8:FF:FE:FD:FC:F3:F2:F1:F0:F7:F6:F5:F4:EB:EA:E9:E8:EF:EE:ED:EC:E3:E2:E1:E0:E7:E6:E5:E4:9B:9A:99:98:9F:9E:9D:9C:93:92:91:90:97:96:95:94:8B:8A:89:88:8F:8E:8D:8C:83:82:81:80:87:86:85:84:BB:BA:B9:B8:BF:BE:BD:BC:B3:B2:B1:B0:B7:B6:B5:B4:AB:AA:A9:A8:AF:AE:AD:AC:A3:A2:A1:A0:A7:A6:A5:A4:5B:5A:59:58:5F:5E:5D:5C:53:52:51:50:57:56:55:54:4B:4A:49:48:4F:4E:4D:4C:43:42:41:40:47:46:45:44:7B:7A:79:78:7F:7E:7D:7C:73:72:71:70:77:76:75:74:6B:6A:69:68:6F:6E:6D:6C:63:62:61:60:67:66:65:64:1B:1A:19:18:1F:1E:1D:1C:13:12:11:10:17:16:15:14:0B:0A:09:08:0F:0E:0D:0C:03:02:01:00:07:06:05:04:3B:3A:39:38:3F:3E:3D:3C:33:32:31:30:37:36:35:34:2B:2A:29:28:2F:2E:2D:2C:23:22:21:20:27:26:25:24:DB:DA:D9:D8:DF:DE:DD:DC:D3:D2:D1:D0:D7:D6:D5:D4:');
INSERT INTO `tb_template` (`pin`, `finger_idx`, `alg_ver`, `template`) VALUES
('1', 12, 39, '45:4E:52:4C:46:41:43:45:01:00:00:00:20:4E:00:00:00:00:00:00:00:00:00:00:00:00:00:00:00:00:00:00:00:00:00:00:00:00:00:00:00:00:00:00:00:00:00:00:00:00:00:00:00:00:00:00:00:00:00:00:00:00:00:00:00:00:00:00:00:00:00:00:00:00:00:00:00:00:00:00:00:01:01:00:01:00:00:00:00:00:00:00:00:00:00:00:00:00:00:00:00:00:00:00:00:00:00:00:00:00:00:00:00:00:00:00:00:00:00:00:00:00:00:00:03:30:00:00:B5:09:2B:FF:EF:01:F1:08:16:F8:F2:10:1F:E1:14:DC:0D:F3:00:20:2F:F0:BE:03:F7:FA:F2:E4:EC:FF:FE:EF:06:00:EB:F8:DD:01:0D:1E:03:0B:FD:18:E4:E9:F3:E8:FF:0B:FA:07:FE:10:F4:FF:EE:0D:FC:00:E9:E8:12:01:06:FC:E3:01:FA:15:F9:0E:1C:2A:F0:12:F0:08:08:11:00:0D:F7:00:DB:14:FF:08:00:08:F2:1D:08:11:0B:EC:0C:11:0C:F6:0F:28:1E:F9:0A:02:08:01:F7:FF:0C:02:FF:02:F7:1B:F2:06:18:EE:FF:03:AD:37:EA:19:EE:E8:0B:EE:EE:E9:02:22:2B:15:E5:13:08:1E:18:14:F6:21:E5:FC:F8:EC:09:1D:0A:F0:1A:FE:0E:E4:11:10:FB:EA:15:08:FC:EF:F8:09:25:0C:03:FE:FA:07:F4:EF:04:F4:EA:FF:E8:0A:01:08:F4:E7:03:F4:EE:00:00:FD:0A:F9:13:F4:F7:FE:00:00:06:FA:08:F4:FE:F4:F5:0E:08:FC:F1:E1:1A:F9:0C:FD:16:11:08:FE:FB:07:F3:0D:F9:D9:04:F4:09:FB:FB:08:F6:08:11:EE:09:03:23:09:E7:EF:FD:F8:BD:42:FE:1C:D5:F2:D1:E2:27:04:2F:0A:09:FF:05:F9:07:0D:F8:FD:F5:F7:1B:1F:05:25:F8:04:03:D7:0F:09:EE:35:DD:1A:0A:08:16:F0:00:08:FF:EF:E3:08:14:07:01:18:07:0D:16:03:01:E4:FA:28:00:1C:00:EF:0A:00:12:E4:F0:2E:24:0A:0B:01:02:E9:E6:F9:F2:DF:07:05:10:F8:FE:FD:10:05:F0:0C:15:00:0E:04:00:07:00:08:06:E1:0A:18:08:FE:1A:E4:12:14:E9:00:01:08:F9:14:EA:E4:EC:EA:34:04:F3:08:15:F4:F1:00:0E:F0:06:F6:EB:F2:FF:0C:05:01:14:FE:F9:0C:06:0C:F8:F1:FC:03:09:F4:11:13:03:FE:13:D4:12:B7:01:FA:F2:FD:FA:24:06:06:F6:12:14:31:24:FC:F0:EE:2D:06:24:0D:FA:0C:FA:E7:1D:D8:0B:0D:E7:04:EA:1A:E4:FE:F3:15:E2:19:F7:10:EF:2F:F2:00:F5:0E:0E:0D:E5:F8:09:FE:F4:11:F0:1B:F5:FD:24:18:F9:F1:ED:DB:EE:12:19:F7:FD:00:E6:FA:F6:E9:EE:F4:D2:F8:FD:FB:0E:0C:E0:FF:01:F7:12:F7:0D:08:12:FA:0A:F4:F9:E2:ED:23:FF:07:03:FE:0A:13:F5:F4:0C:E1:FE:00:FA:F7:FD:F7:0B:07:08:08:EC:19:FF:05:FC:F0:F5:13:1F:15:F5:01:06:E8:E3:03:03:F4:F4:EE:FB:0C:0E:06:03:F5:17:EF:00:03:00:14:15:16:00:03:F5:F8:4F:DB:03:FC:0E:FC:36:04:E3:00:01:00:27:FE:FF:FB:02:06:F9:D8:18:EF:FE:09:D4:0B:08:12:FD:1D:E7:07:D3:28:02:E8:FD:00:FA:E0:DF:00:DD:EE:F5:EF:00:30:F7:F9:EE:F4:12:17:EB:FB:E2:EC:19:F4:00:04:FE:F4:F0:F5:03:EC:FE:00:0E:0C:0B:0A:FE:E0:02:E9:EC:FF:F9:08:11:15:05:EC:FA:0F:0B:10:F6:05:F2:F9:FC:05:09:FD:00:F3:13:10:0E:04:10:07:0D:F7:F7:EF:11:FD:E7:EF:10:FF:00:E9:0D:17:DF:11:0B:FF:0A:04:FA:02:0C:FB:FE:10:FC:F5:10:1B:05:06:E9:01:0B:08:FA:FA:25:0D:06:E9:08:1A:10:F6:0E:49:FD:D4:01:08:02:02:D2:F8:DD:0C:FE:F0:15:29:02:D8:09:DF:FF:02:09:DC:1A:F6:FA:F6:CD:EF:E0:12:06:0C:D9:D8:F9:0B:ED:E3:0F:F8:F5:0F:1E:EA:15:06:CF:FD:FD:11:F1:02:F0:0D:00:03:F4:2F:0B:F2:0A:E8:04:E9:ED:02:F5:01:F7:01:FC:13:1F:FF:05:00:07:E1:14:07:09:F6:02:F4:0E:0B:EE:F7:E1:00:06:01:F4:EC:FC:FC:F3:07:0E:FB:06:FA:17:0E:02:06:25:1A:FD:EC:F3:0E:07:01:15:0A:02:08:FD:E4:0A:03:FE:07:EF:0C:F5:03:F3:0D:01:EC:FF:08:FD:08:FD:1E:0A:03:F5:FC:ED:01:FC:F8:E5:02:F5:14:E7:4A:CB:0F:19:F9:1A:D9:36:26:F8:28:14:FE:E8:15:15:FF:0E:F9:16:F7:FC:17:17:1F:ED:FA:FC:EA:EF:11:08:F6:EF:DB:18:FB:0C:1D:FD:FA:08:F2:FE:FE:FB:D4:F3:FC:F1:09:FC:E7:11:08:F5:0F:08:F5:F9:FF:E7:05:FF:EB:FE:B0:20:00:1C:07:1D:DF:D4:F9:01:14:F1:E4:21:10:FC:00:FA:26:F2:0E:E7:0B:00:16:ED:FA:FD:F1:28:F2:08:F8:0C:14:F8:F6:E6:FC:EB:E5:30:16:EB:F0:EB:04:0B:F4:11:02:02:05:05:09:09:DB:08:F5:0E:00:0B:EC:F2:0C:C3:2C:DF:21:E9:03:DA:21:E7:F4:F4:D6:DC:1A:0F:26:15:22:E5:06:2A:FF:DC:F1:F8:F3:DD:19:D4:02:EE:2F:DA:03:C9:FD:29:03:FB:E6:E9:DE:F4:FE:E7:08:1A:0D:D3:02:EB:13:24:F2:24:FF:00:E5:F8:0C:13:0C:0F:DF:24:02:08:EE:FC:08:01:12:11:13:0E:F4:F0:FB:1C:2C:F7:F7:06:00:FC:0B:E9:EF:33:F2:E7:FB:FC:12:F8:04:23:FC:D8:FB:ED:03:F2:0C:00:F0:F6:0A:0B:12:00:05:28:1D:FF:FD:00:1A:06:01:00:00:00:00:03:30:00:00:B1:09:31:FF:E3:06:F5:01:19:FD:F9:0A:1A:D6:0B:E5:0D:E7:01:22:21:F7:CC:0A:FA:FF:F3:EC:E1:02:01:F4:0C:FE:E5:F4:DC:06:18:1D:0C:07:FC:0D:EB:F3:F7:E2:01:09:F9:09:00:14:F7:FE:EC:1C:F8:01:E2:EF:1A:FA:0C:00:E7:07:F9:1B:F8:13:20:1F:E7:13:EB:13:05:1A:F5:0D:F6:01:DC:0A:00:0A:04:01:F8:1D:13:10:10:EF:11:0E:0A:02:0E:27:0F:F5:04:07:01:FA:FC:FA:09:09:F9:00:F0:0F:F1:04:16:F1:FD:FA:A9:34:E5:1F:E7:EE:0F:F7:E3:EA:00:1D:2A:13:F1:1C:00:1F:10:14:EC:1A:EA:F9:F9:F7:FF:1E:11:F4:14:FE:12:E4:0A:15:FB:EE:12:06:FF:EE:FC:04:28:09:FB:FA:FA:03:EF:EE:06:F8:F4:FF:E8:12:FF:10:ED:E8:00:F5:F8:01:00:01:11:FA:15:EF:ED:05:05:01:00:F6:08:FD:06:EE:F5:0D:0C:F6:F2:DF:15:FE:11:FF:0F:10:0E:01:F8:0B:F5:08:02:DA:00:F5:06:FF:F7:13:F9:02:0B:EF:11:0B:23:09:EE:F6:00:F4:C6:3C:FC:26:D0:F8:CE:EB:2C:F8:32:0A:02:03:04:FF:FE:14:03:FB:EF:F9:0F:2A:00:2C:0D:00:06:E1:0E:00:EC:43:E3:1B:0B:06:16:E5:00:13:05:EB:ED:00:19:FD:F9:0E:03:0A:1B:0F:F8:EA:00:23:FC:1C:0D:E5:0D:FD:1F:DE:F0:25:20:09:17:06:10:ED:DF:FE:ED:DE:00:FF:08:ED:F6:F8:00:FF:F5:17:14:00:0E:03:03:05:07:FA:07:EC:04:0C:FA:05:18:E8:15:1C:E3:04:FF:12:ED:08:EA:F0:F5:F2:1D:0A:F8:03:18:F6:E6:F5:0D:FE:06:03:F5:EE:FE:03:01:FB:14:FB:F4:08:01:12:F4:F5:FF:FA:08:EE:0D:0F:09:FF:15:DE:11:B1:00:FF:F3:F3:00:2D:FE:17:ED:0E:1A:2A:1A:FA:F8:EA:25:0C:23:FE:F5:0B:F2:DB:1D:D5:0F:01:E6:12:F1:0F:E5:06:ED:16:E5:24:FA:0E:EB:2B:F6:F8:FB:00:0D:0B:E6:01:11:FE:F1:0B:F4:23:F3:F6:1A:1F:F8:F1:E2:DF:E4:0B:09:EF:03:01:F1:F1:EF:F1:DE:E3:E1:F3:00:EB:09:0D:DD:FA:F9:F9:04:0A:0F:09:11:F6:13:F8:F4:EB:EB:24:FE:05:04:00:06:16:F8:F8:01:EC:FB:0A:FE:FC:F7:F8:04:0F:FB:13:F3:14:04:02:F7:00:03:04:1D:22:F8:00:09:E8:E4:0A:03:F4:F9:EB:01:0F:07:FF:FD:F8:0D:E5:FF:02:F6:0F:07:0C:06:0D:02:EE:4A:D8:F9:02:13:F7:38:10:DB:FC:FB:00:24:0D:F5:FD:FC:17:F8:E2:13:F5:FE:0F:CC:10:04:0E:F7:26:EF:09:CB:1C:0A:E4:04:F5:FA:E2:E4:F9:D8:EE:EE:F7:05:33:F6:00:F3:F6:18:1E:F0:F8:E3:EF:14:EA:F8:08:08:FB:ED:F1:03:FD:00:05:0F:12:0C:0C:FB:E5:05:F5:E7:FC:01:03:0F:11:FD:EA:08:0D:04:24:F8:02:F0:FD:F5:07:03:05:02:FE:14:FB:12:0C:11:0D:00:FB:F6:EE:00:FD:EA:F2:07:00:FD:F6:03:19:EC:0B:10:03:0B:04:F9:03:10:F8:01:06:00:EC:0C:17:00:FD:EB:FF:18:05:FA:F1:15:07:01:E7:04:12:0B:F1:11:3C:F6:D0:F7:01:08:02:D1:F3:D4:12:FC:F6:18:2D:05:D5:05:F0:04:10:05:EA:1A:EE:EA:00:D5:ED:E6:1A:FE:11:DA:D4:FD:00:ED:E6:20:F3:EE:0E:1D:F2:10:00:DA:EF:FC:12:F7:FF:EC:0B:FC:00:F2:3B:13:F4:0C:F1:0D:EF:F1:FE:F7:FA:FB:00:00:08:19:00:09:01:13:E4:1B:07:04:F9:04:F2:08:0F:EA:F6:E0:F6:06:03:F5:E1:FA:00:EE:01:0F:FB:FF:FD:10:08:00:0B:29:17:05:F6:02:0C:0F:0A:18:02:FE:17:08:E1:0D:00:04:FF:F9:09:F0:06:F8:0C:FC:F9:02:0E:00:FE:FC:1A:08:F3:EE:F9:F1:F9:00:FF:EF:0D:F2:10:EE:45:C1:20:11:FE:0D:E0:2E:12:FC:2A:0E:F8:EA:0D:05:F3:0F:F0:0D:F5:FB:0D:08:11:F2:F7:18:EA:EC:10:06:F6:E3:D9:16:FE:09:19:04:F7:F4:F5:E8:00:F6:D5:EF:FA:00:18:F5:D9:19:03:EC:14:0F:F8:FC:FD:F0:FF:F8:DA:F6:B2:1F:F7:1F:04:12:E1:D8:F8:F3:0D:FC:ED:1C:09:00:FB:F6:1F:EF:1C:ED:07:F8:0D:F7:F1:FA:EC:2E:EC:06:EF:14:1C:FB:FC:E6:F7:E6:E4:3A:10:02:FC:ED:01:0B:E6:FE:05:11:FC:0A:02:FC:DA:0F:F4:11:06:03:E8:FC:0E:CA:27:D1:16:D9:FB:D2:1D:E6:EB:F7:F2:C7:15:15:1C:0C:16:E4:1A:25:06:DA:E3:F2:E9:EA:0C:D3:09:EC:1C:C4:08:D7:00:3A:14:F3:DE:ED:DB:FA:FA:E1:09:0F:0D:DD:10:E6:0C:18:F6:1A:06:02:F1:ED:19:14:0E:16:E1:21:00:12:EB:F5:0C:09:1E:1B:14:0B:F9:DC:F2:10:22:FD:06:0B:00:FF:0C:ED:FB:2C:F4:EB:FA:05:0C:FD:FE:10:FC:D1:F3:F4:FB:EE:13:01:F7:02:0F:06:07:15:08:21:19:00:E6:06:0C:03:01:00:00:00:00:03:30:00:00:B7:0E:2F:05:E2:FF:F3:07:1E:F8:F6:10:22:DA:1D:E4:07:ED:F7:23:2B:F0:D1:05:F4:00:FE:EF:F0:F9:F4:F6:08:03:E8:FA:DC:04:18:1C:02:11:00:19:E7:FC:F2:ED:00:02:F3:09:04:12:01:FB:F2:10:03:0B:E5:E8:12:F9:03:00:F7:03:FB:17:F7:0E:22:26:F0:0A:ED:20:08:19:F2:0D:F5:06:DD:17:F3:07:00:07:F2:14:09:13:14:F5:0F:1D:11:FF:0E:1F:18:F2:0A:05:05:FA:F2:FD:0E:06:FA:FC:F6:1C:FB:01:1F:F2:F7:00:B0:37:E4:18:EC:EF:0F:E9:E5:E9:0A:22:24:10:E5:18:04:25:15:16:FD:20:EE:FF:FC:ED:0A:1A:0A:FD:10:FC:0A:E3:10:11:FD:EC:11:04:02:E8:F7:09:27:0A:F4:F7:F4:0E:E9:F2:0E:EF:F6:02:E7:0E:00:0F:E9:EB:00:FB:F9:03:FC:F6:01:FB:14:EB:F3:FD:05:FA:03:F0:07:FE:01:F1:F1:0D:0D:05:F7:E5:1B:FB:12:00:13:0E:08:0A:FC:05:F8:05:FD:DC:01:F7:0D:F9:FA:15:F7:04:0F:F1:05:01:24:01:E5:FB:05:EC:BE:3D:FB:22:D6:FD:D2:EA:27:FA:34:0B:0B:FF:03:EF:FC:0E:00:FF:F4:F1:13:28:00:26:01:FF:02:E4:0C:F4:EF:3D:E1:23:13:10:10:E1:F6:0F:0A:F4:F0:04:16:09:FD:1E:FD:06:18:07:FC:DC:FF:1D:0F:1B:10:D8:0E:FC:21:F7:F7:15:1F:14:16:11:12:EA:EF:FC:F7:DF:06:0D:05:E2:F9:FA:09:00:F8:19:11:00:0E:0F:F9:04:FF:FB:04:E2:F9:0A:02:F9:14:EB:18:11:F6:FD:FB:10:FF:0A:F3:E5:FA:F7:23:FA:EF:F5:18:F7:ED:FD:09:FA:13:04:F0:F5:F9:09:03:08:1F:F2:F4:12:0D:1D:EB:F5:FE:F9:0C:ED:02:15:FA:FF:14:E0:0F:AE:04:FE:F0:F7:FF:24:FB:13:F8:0E:0A:2A:1B:08:F5:E8:30:0F:29:04:FB:12:F6:E6:25:CF:09:0B:E3:10:F0:0D:E4:FC:EC:16:E3:25:F3:0D:F0:28:F3:F8:FB:00:17:03:EB:01:10:07:F7:0E:F4:1A:ED:FB:1C:25:FC:F1:E5:D3:EB:11:15:EC:02:01:EC:00:03:E8:DE:E9:D7:02:04:FB:09:05:DA:FD:02:02:01:FF:09:04:10:F4:04:F0:EC:E9:F6:23:08:FE:0A:FD:09:08:FB:FD:0D:ED:F7:04:F3:F9:F5:F9:01:0C:0C:06:F3:1E:FA:09:F7:FD:00:00:1E:1C:F7:02:03:F3:E9:00:02:F6:F4:EE:01:0D:12:04:F7:E9:10:F0:FD:07:FE:12:0C:0A:F5:10:F7:F6:4F:DE:FE:FD:14:FE:46:0B:ED:FE:F4:FE:2E:02:FE:F9:F9:11:F8:E1:16:EA:0A:04:D2:10:FE:11:F9:1E:F5:08:D3:25:03:EA:FE:01:FD:EA:E9:FC:D9:E7:EF:F0:00:28:F9:FC:E3:F5:19:13:F2:F8:DE:F0:1B:E9:EE:0B:08:FF:E4:FA:03:ED:00:05:01:0D:0B:05:F7:DF:04:EB:E8:FE:FD:06:FF:0C:FF:ED:00:05:FB:19:F9:05:F3:FF:EE:00:08:FF:FE:FD:15:07:07:0B:10:04:F5:00:FC:F8:FC:F0:F3:E7:13:FD:FF:F5:04:14:DF:03:08:00:08:09:EE:F8:06:01:F9:13:00:E7:0A:19:FF:00:EA:05:10:FB:F8:FC:18:07:01:E4:FF:16:07:EE:15:44:FA:D9:FA:07:07:0A:C8:EC:DF:0F:FC:F1:1C:32:00:D7:0B:E9:09:0A:03:E1:15:FB:EC:F5:CD:ED:E1:17:F9:10:E0:D9:F0:00:E5:F1:09:F6:F5:10:1B:EC:1B:06:DE:FE:FF:0C:F6:F4:F3:07:FF:00:F2:39:06:ED:0A:ED:11:F1:FC:02:F2:01:ED:00:F8:08:1A:00:05:06:1C:E7:1E:07:00:F3:0E:F3:02:06:EB:F9:E5:F8:07:03:F5:DD:F6:0C:E9:03:08:EE:01:FD:1E:0F:FE:02:1E:0F:FD:F4:FC:0D:00:05:0E:FE:05:11:FC:E5:03:00:FE:FE:F2:08:F5:06:EF:05:0B:FC:FC:04:F8:07:FF:23:00:FA:ED:FE:E5:04:01:FA:EB:07:F6:0B:EF:43:C3:19:11:FC:17:DB:34:15:F5:27:11:04:E3:09:08:ED:0B:F6:12:F0:FF:0F:16:16:E9:F4:11:F3:E9:0D:0F:FD:F3:DA:13:02:07:20:FE:F5:F4:FF:E6:00:01:D6:ED:EE:FB:18:F7:DD:12:04:E8:0F:01:F1:F9:F9:F2:00:FD:E9:EE:B1:26:F2:1A:05:17:E0:DB:02:FF:05:F4:E9:24:10:00:F4:F8:17:F9:1E:E5:12:00:0C:EB:F2:F7:EA:2C:E5:02:EB:14:16:F9:FA:E4:F7:E3:E2:27:04:00:F7:E9:F8:0C:E8:00:09:06:FE:00:FD:FF:DB:0B:F9:15:0A:0A:ED:F4:0F:C2:25:DC:1E:DE:FE:E9:2F:FF:F8:F2:DD:C9:1B:0E:2A:16:24:E9:06:1B:05:DB:F7:E4:F8:E3:0E:DF:0B:ED:28:CF:05:D3:02:1F:15:07:EC:E9:EA:FF:F9:E4:1E:0F:F1:CD:0C:E9:01:22:01:1C:FF:13:E3:F6:1C:1A:23:1F:E9:1B:00:FF:E3:FE:FC:F5:22:16:14:06:EC:EB:03:14:28:08:E7:00:00:FB:03:E4:FE:29:F2:EB:04:04:1F:0D:FC:07:01:D0:FE:EA:05:F0:16:07:E5:F5:04:FA:00:0E:00:22:0F:00:E7:05:11:02:01:00:00:00:00:03:30:00:00:B9:0A:2D:00:E3:FF:F4:01:21:FC:FA:12:1C:D6:18:E5:0F:ED:FF:21:21:F9:C7:09:F9:FF:FA:E9:EB:FF:01:F3:06:00:E4:F5:D7:07:1C:1E:0C:09:FF:14:EC:F2:F5:EB:FE:0A:F8:0F:FE:10:FF:02:EB:17:F9:03:E0:EB:17:FD:07:FB:EB:09:FB:1B:FE:0D:1C:24:EC:14:F1:1B:FF:1C:F6:0E:F4:03:D4:0E:FF:0C:03:FE:F1:1A:15:15:13:F4:11:1D:12:F3:0B:1C:10:F8:08:02:00:FE:FE:F8:0B:08:FB:FF:F8:13:F4:FC:13:F0:FF:FB:B0:36:E6:1B:ED:F0:10:EB:E3:E8:00:1F:27:0E:E8:1C:02:26:14:10:F2:1D:EE:FB:F6:F3:05:1B:11:FD:15:FD:0B:E0:0D:17:01:E9:11:08:03:ED:F7:08:2D:08:F8:F7:F2:05:F0:F0:02:FC:EF:00:E5:0D:FE:0D:F0:EB:FF:FB:F8:05:FC:FC:0A:FB:1B:EC:F1:00:00:00:03:F8:04:F9:02:EF:F4:09:0A:FC:F4:E0:18:FC:0D:F9:0F:0E:0D:00:FA:09:F2:0D:FC:DA:FF:F7:09:F6:F8:14:FC:04:0C:F0:10:04:22:02:E8:F6:03:F0:C0:3D:F9:23:D3:F7:CC:E7:2A:F2:31:0E:0C:01:01:F5:FF:12:FF:00:F2:F9:10:1C:09:2A:06:00:F9:E1:09:F7:EE:3D:E3:1E:12:05:20:E3:FE:11:08:F5:EF:FF:18:07:FA:1B:03:0F:1C:09:FC:E4:FC:1F:00:18:13:E2:13:FA:12:EA:FE:26:1B:0E:16:12:0C:EF:E5:F3:EF:E3:FD:08:FF:ED:FC:F5:02:FB:F1:12:10:04:0F:03:FC:03:06:FB:07:E6:05:0D:FD:04:0F:E8:21:19:E5:02:FD:0B:EC:06:ED:EC:EE:F6:22:04:00:00:19:FA:E9:FA:0A:02:08:06:F5:E8:F1:04:03:04:1B:EF:ED:0C:FF:0E:F2:EB:FD:F7:08:F2:0A:20:04:FB:0F:E2:12:AB:00:00:F5:F2:02:24:F9:13:F3:10:17:31:1D:0A:F2:ED:29:0C:1E:01:F6:13:F8:E3:2B:CC:0A:02:E3:14:F6:0F:DC:08:F1:14:EA:24:F7:0E:F2:2D:FC:FA:F7:00:11:0C:E7:02:10:00:F4:11:F5:22:F1:FA:19:1E:FC:F4:E8:DB:E9:09:13:F0:03:FE:F4:F4:F7:F1:E4:E2:E4:F6:00:F2:0E:06:DA:00:00:02:0B:0C:0D:0E:14:F1:0D:FE:EE:EA:ED:1F:FE:03:09:00:07:0E:F7:F5:0B:E1:00:05:FC:F7:00:F8:00:10:00:07:F3:14:01:01:F6:00:FD:02:1E:27:F6:06:07:EE:F2:0B:FD:F3:F4:F0:05:0E:0A:00:FD:F8:09:EB:07:FD:FA:16:02:0C:05:14:F4:F5:4C:E0:FD:FE:0C:F9:44:0B:DF:F1:F8:FB:24:00:00:FE:03:0A:FD:D9:17:F3:05:07:C7:0F:01:0E:FD:23:F3:07:CD:22:09:EB:03:FE:FB:E8:E9:03:DE:F7:F0:F9:FF:2E:F5:F8:E8:EE:16:15:F6:00:DA:EE:0F:EB:FB:0C:09:F8:ED:FB:00:F4:02:06:04:0B:07:09:FA:DF:07:E9:E5:09:03:06:11:11:FD:EA:06:0E:FE:1A:FA:00:F4:F6:F5:03:02:0A:04:00:13:00:15:0D:16:00:FB:FC:F8:F5:0A:F7:EB:EC:13:FB:FF:F4:01:11:EA:03:0C:02:16:0B:F7:FB:0A:F5:FD:0A:01:ED:04:17:04:F9:E7:00:17:FB:FB:FC:1F:02:03:E8:02:10:0C:F2:17:3E:F3:DB:FA:07:03:01:CA:EE:D0:02:FD:F6:17:2B:FA:DD:06:E7:0C:0D:0C:DF:1C:F5:E9:F5:D1:EF:DD:17:FF:16:DD:D9:F8:F8:E6:E9:12:F7:F0:10:14:F0:10:07:D6:F5:03:09:F8:FC:EA:03:FD:05:FA:37:09:F5:05:EF:0B:EF:F6:00:F8:00:F3:FD:FF:08:1F:03:06:05:17:E0:1A:01:0E:FF:00:E9:08:0E:EF:F6:D7:FD:07:07:FD:DC:F8:09:F2:FF:0E:F5:FF:FB:17:0D:FE:02:22:16:F7:EE:FE:0C:09:0A:12:FF:FA:17:06:E2:05:FB:07:F7:F4:10:EF:00:F2:02:07:F6:FE:07:FE:08:F9:19:0D:F5:F5:05:EF:F9:03:F6:EA:0A:F6:10:F1:45:C3:1F:10:FC:0D:E4:31:15:FB:26:0E:FD:EC:10:06:F4:0C:EF:0D:FA:FB:0B:07:1A:EE:00:19:ED:EE:14:08:F7:EB:D4:17:F5:09:1C:0A:FD:F8:F9:EE:FF:F5:D4:EC:EF:F5:12:FD:DE:1A:04:E6:17:08:F1:FC:FE:EE:00:00:DE:F2:AF:23:F9:24:03:11:E4:DC:FB:F4:0C:FB:E7:1B:0B:FC:F2:FF:24:F2:1B:F3:04:F9:09:F1:EF:FA:EC:29:E8:06:EF:13:1B:FD:F9:E2:F6:E6:E0:32:0F:FA:F7:ED:01:08:E5:04:08:07:FF:06:00:FE:E0:0B:F5:16:04:06:E4:F6:11:C5:1E:DA:20:DD:06:DD:2D:E2:00:F9:E3:D2:1A:19:27:15:25:E6:0B:24:0B:D9:EC:E3:F7:ED:0D:D4:07:E7:22:D1:02:D8:FD:26:17:01:DE:E7:DB:FB:FC:DE:04:0F:FE:D5:0B:DC:15:14:09:10:09:10:F3:E7:1F:0D:1A:1A:E0:24:01:07:E6:FE:08:0F:26:11:13:0B:F5:E8:FF:17:1C:05:F6:02:FC:03:FD:EB:F1:2D:F7:EE:FA:09:15:04:00:10:F7:D1:F2:F1:F5:F0:10:06:DF:FD:19:04:09:01:FB:22:18:FD:E9:00:0F:00:01:00:00:00:00:03:30:00:00:B2:11:30:00:E9:00:FC:00:21:FC:F9:12:19:DB:1C:EC:13:E9:FF:1D:27:FB:C6:09:F9:02:FE:E7:EC:05:00:ED:08:00:E8:F3:D7:07:17:1A:0B:08:00:0F:E8:F5:FB:E9:00:0B:F2:0B:04:0E:FF:00:E7:13:F3:FF:E5:ED:16:FB:0D:FE:EE:0A:FF:21:FC:0A:20:2A:ED:17:F8:16:04:1F:F1:08:FC:01:E0:0F:02:0C:01:FC:F6:1E:0E:11:12:F0:0C:1C:0F:F5:0F:1D:14:FB:09:05:00:FE:F9:F4:0B:09:F6:FA:F3:0F:EF:00:11:F2:00:F9:AE:39:E6:1B:EC:F4:11:F0:E4:E9:00:1A:24:0C:E2:17:05:25:14:13:F9:21:F1:FC:FC:F2:03:1F:0F:F8:19:01:10:E3:0D:1A:FA:EF:16:08:00:EA:F7:08:2B:0A:FC:FD:F2:08:F6:ED:04:FD:F3:FE:EA:0E:00:0E:F5:EC:FD:FD:F7:05:FA:FF:05:FB:16:EE:F2:FD:01:00:01:F5:04:F8:04:EF:F4:0B:11:F8:F3:E3:1B:01:0B:F9:0D:12:09:FF:FE:0E:F3:10:FB:DA:00:F5:13:FE:F4:15:FA:05:0C:F0:12:09:1E:0A:E8:F6:02:EF:C1:3F:FC:24:D6:FE:CE:DF:24:F3:2D:0F:0C:05:05:F8:FF:09:FF:02:E8:F9:15:24:02:2C:04:FB:03:DA:0B:FF:F1:3D:DD:1D:11:06:19:EB:02:10:0B:F2:EF:02:18:06:00:1A:04:0A:16:0D:00:E3:F9:15:FF:19:0F:E2:09:FE:14:E6:FC:27:1C:10:21:08:15:EC:E1:FB:E6:DD:00:07:04:E7:EE:FB:02:01:F5:19:0B:FE:06:FB:F9:07:01:F9:04:EA:FF:0C:FD:09:11:EF:1B:13:E7:FF:FB:10:F5:0B:E9:E6:EA:F6:26:04:F8:00:13:EF:E6:FA:0C:02:06:00:FA:E8:F7:05:01:09:17:F6:EE:03:0A:0A:EC:EA:02:00:06:F2:00:12:0A:FC:14:E0:14:AA:06:09:EC:F4:02:27:F9:0D:FE:0B:15:2D:15:07:EE:EA:2A:0B:21:03:F8:0B:F6:DF:26:CA:0B:08:DD:16:F4:10:DC:FF:EB:17:E7:19:F5:0E:EF:28:F9:F7:FE:02:15:05:EA:FC:15:FF:F4:06:FB:1D:F3:F7:17:24:00:F1:E9:D8:EA:09:17:F4:FF:FB:F8:F4:F4:F6:DC:EC:E1:FD:FB:F5:11:04:E2:FB:04:FE:0C:05:04:09:0D:F3:0A:EE:F5:E9:ED:21:00:03:04:F9:09:17:F7:F5:05:E9:FD:04:00:F6:02:F6:FF:10:02:09:F5:1A:FF:08:F4:08:01:04:1F:22:F1:02:06:EF:EB:0D:01:F7:EE:F3:05:06:0D:05:02:F5:07:E7:FE:07:F6:16:06:06:FF:16:F4:F7:49:DF:FF:FD:0C:F8:41:18:DF:F9:F6:F7:26:04:FF:03:04:07:F8:DC:16:EE:03:0A:CD:18:FB:0E:F6:26:F1:08:CC:23:0B:E5:03:FD:00:DF:E4:00:DF:F2:F5:F2:FF:2E:F8:FB:EC:F9:15:1A:FB:F9:E0:F1:0F:F3:F5:09:07:F7:EC:F8:FD:F3:03:07:10:0C:0A:0C:04:E1:04:EE:E8:02:FA:06:12:11:08:E8:0C:11:00:13:FA:FB:ED:FA:F5:01:08:0A:FB:02:0A:FC:10:0F:18:05:FE:07:F4:F1:09:F8:E8:F0:14:FB:03:F9:03:17:EC:05:0D:08:17:0D:FD:FF:10:F6:FE:09:00:ED:0E:1F:04:00:EA:FE:13:FA:F7:FE:14:00:02:E5:0D:11:0B:F4:15:3C:F9:DB:FA:08:02:FF:D1:E9:D3:0D:FD:FF:1A:30:F9:E2:05:E7:05:0B:09:DE:1A:F3:E8:F4:CD:EE:E4:1D:FB:13:DD:DA:F9:FE:E8:DF:14:F8:F2:0F:1B:F0:10:05:D4:FB:04:10:F9:01:F1:08:02:03:F0:37:09:F6:03:EA:07:F2:F9:FC:F2:00:FB:F8:F8:06:21:03:04:FE:16:EB:1A:01:0B:00:07:EF:0B:0C:EC:EF:D8:F9:05:03:F9:DE:FD:01:F1:F8:13:F2:FF:00:0D:0F:FB:07:23:20:FA:EE:0B:06:06:01:0F:09:F7:12:0B:E4:0F:03:FE:F9:F4:11:EF:08:F7:02:0C:F5:02:09:00:09:03:19:07:F6:F0:00:EB:F9:06:FB:F5:10:F2:0E:E9:49:BD:1D:15:F7:14:E0:2E:0C:FD:25:12:FE:EB:0D:0C:F0:0F:FB:0F:F6:00:10:11:1B:F8:FA:1F:EB:E9:0D:FE:FB:ED:DA:1A:F2:07:17:00:F7:FE:F8:E3:F8:FB:D8:F7:F5:00:1B:06:DA:15:01:EF:13:06:F0:F3:FD:F0:FE:FC:EA:F0:AF:28:F6:1E:04:15:E3:DB:FB:F8:0D:F5:E0:22:17:FA:F6:F4:1A:F2:1D:EB:07:F9:0D:F8:EB:FC:EA:28:EE:00:F3:0C:19:FB:F3:E2:F2:DF:E0:2C:0F:FB:FC:E9:00:0B:EF:04:06:09:F9:08:FD:FC:DC:03:F4:0F:02:05:F0:F5:0D:D1:1A:E0:1B:D8:0B:D6:2C:EC:FA:FB:E6:DB:1F:1A:2F:11:1D:E4:0F:20:09:D5:E6:EF:FC:E7:15:D7:04:E6:20:D1:06:CB:FE:29:15:FB:E5:E3:D7:F4:F5:E1:08:10:12:CE:06:E8:0E:1D:0C:1B:03:1A:EA:EE:14:16:12:15:EC:20:FD:FC:EC:F5:FF:17:1A:12:0C:13:F4:F9:F8:13:1D:FC:F9:0B:00:00:F8:E1:F7:37:F7:ED:F7:08:04:00:FB:0D:00:DD:FC:EF:01:E3:21:09:DF:F3:24:FE:05:12:09:26:0F:F9:EA:02:02:01:01:00:00:00:00:03:30:00:00:B4:0E:2F:03:E2:00:F9:06:26:F7:F8:14:1A:DC:1B:E9:0D:EE:00:22:25:FC:CD:07:FF:FE:00:EF:E6:FF:FF:F4:09:06:E8:F1:D9:04:16:1F:01:04:01:14:EC:F2:F8:ED:03:0C:F3:0E:FE:0B:FB:FB:EE:16:F7:00:E5:EA:15:F7:07:FC:EC:0F:FC:1A:FC:14:1C:2E:EA:11:F4:1A:00:1C:F4:05:F3:05:D7:0C:00:09:00:02:F9:16:11:15:0D:EB:10:18:0C:F6:0D:21:0D:F8:0C:05:FE:FC:FA:F1:0D:0C:F8:F9:F7:12:ED:03:18:EE:FD:FB:AB:38:E6:1D:EC:F2:11:EA:E3:EA:00:18:22:10:E7:13:04:28:11:11:F6:1F:EB:FB:FC:F5:00:1B:0F:00:16:01:0C:E0:14:16:00:EB:11:05:FE:E8:F6:0B:2B:07:FC:FD:F6:07:F2:EF:03:FB:F2:00:E3:0B:FD:0D:F0:EA:FB:F8:F9:06:FF:FD:07:F8:18:EE:F8:00:FF:00:03:F7:06:F6:04:F1:F7:0A:11:FF:EF:DE:1A:FF:0B:FC:14:0F:0A:00:FC:0A:F5:10:FB:E0:FD:F8:0F:FD:F7:15:00:02:10:EF:0C:0A:22:08:E8:F2:FE:F7:BB:3E:F9:24:D9:FB:CF:E2:25:F7:2B:0A:15:01:04:F6:00:15:FC:00:EA:FB:16:1F:06:29:04:00:F9:DD:0F:00:F0:43:DF:18:0B:02:1B:E3:FE:0F:07:F0:EB:02:0B:08:F5:1B:0A:0B:1A:09:FB:E4:F8:17:09:1B:0F:E1:0C:00:19:E1:F9:2A:16:0C:15:08:17:EB:E0:F8:F1:DA:03:08:06:F3:F6:F7:04:00:F9:18:0E:FC:0C:FE:F7:FF:05:FE:05:F1:02:0A:00:00:14:EF:16:17:F0:FE:00:0B:F2:07:EA:E7:EE:F9:28:06:FE:00:0F:EF:EC:00:17:00:06:FF:F6:E9:F2:07:FC:04:13:F6:ED:09:06:0D:F1:EA:00:F5:0E:F3:08:1B:09:FE:1D:DB:14:A9:04:01:ED:FA:00:2B:FC:10:FA:0E:1A:2F:14:0B:F1:EC:29:0F:24:FE:FC:10:FA:E7:2D:D1:0B:02:DB:11:F7:0F:E3:03:EA:0E:E3:1A:FA:0E:F3:29:FB:F7:FB:05:09:08:E8:01:16:00:F7:13:F0:1C:F6:FA:1B:1A:00:EE:EE:D9:EC:0A:1B:F1:FC:FF:EF:F7:F9:F3:DD:E6:E5:FA:00:F9:11:09:EA:F5:00:F8:0B:03:09:09:0E:F4:04:EE:F4:E7:EE:24:06:04:04:00:00:15:FB:F6:0C:E5:FE:05:02:FF:00:EC:04:0E:FD:0C:F4:11:F9:03:F4:FC:00:0B:21:26:FA:04:0E:EE:ED:07:FF:F9:F0:EB:06:0C:0D:03:FB:F1:0F:E9:FD:03:FD:1C:07:05:01:14:F3:F9:53:E0:FF:FC:0C:FC:41:0F:E0:F5:F4:F8:28:FD:FE:01:03:0A:F6:DC:10:F0:07:0F:D4:15:00:0A:FC:25:EC:08:CB:24:10:E0:00:FB:FE:E4:E5:01:E1:ED:F2:F4:FE:30:FC:F9:EC:F2:15:1B:F8:F9:E3:F0:14:F0:F4:07:0C:F9:EA:F5:FC:F3:FF:07:04:0A:04:0C:FC:E4:06:E8:EA:01:FD:0A:09:11:04:EB:06:09:01:0F:F7:00:E7:FB:F2:05:0A:03:02:FF:11:FD:0E:0E:14:04:02:02:FA:F4:07:F1:E8:F6:13:FC:07:F4:0C:14:EA:08:0A:01:14:0F:F7:FC:10:F5:FF:0F:FF:EC:0E:17:04:02:E8:FC:13:FB:F8:FC:1B:01:FD:EC:03:16:09:EF:12:45:F7:DA:FB:0A:00:02:CB:F0:D7:09:F9:FD:1C:2F:F6:DE:04:E3:05:05:08:DA:12:F1:EC:FE:CA:ED:EB:1C:FF:13:DC:D9:F8:FF:E9:E1:17:FE:F5:0A:1B:F0:0F:01:D4:FE:00:10:F8:FC:EC:01:00:00:F6:34:06:F6:06:EA:0B:EF:F9:FE:F2:00:F2:FD:FC:0B:18:07:07:02:16:E5:19:FC:0B:F6:0B:ED:04:0D:E8:F0:DD:FC:04:03:F5:E3:FB:07:EE:01:14:F5:FC:F9:0F:0F:01:05:22:12:FA:EC:04:03:03:03:0F:06:FA:15:02:E4:0B:FE:FD:FC:F1:0E:EA:09:F4:06:07:F2:00:0B:FF:0A:00:18:06:F8:EE:00:EA:FF:00:FF:EA:0C:F2:0F:EB:44:C5:1C:0E:02:13:DA:30:17:00:2B:10:07:EF:07:05:EF:10:00:13:F7:00:13:13:1A:F3:FC:1C:EE:E8:15:07:FC:F7:D2:11:FF:02:19:08:FA:F8:F7:EC:F9:FD:D6:F7:F0:FB:1A:04:D8:19:09:EC:1A:03:F6:F5:FE:F2:00:F8:E5:F7:B1:26:F6:21:00:13:DF:DB:FF:F5:03:FC:EA:1B:0C:FF:F5:F9:21:F6:18:E7:09:FC:08:F6:EB:FC:E9:2B:E4:0D:FA:12:1B:FC:F6:EA:F5:E3:E0:33:0E:FF:F7:E8:04:0D:E8:FF:09:02:FA:02:03:02:DA:12:F9:13:07:07:ED:F4:08:C1:1C:E1:20:DF:08:DE:32:E4:06:F9:E5:D7:1A:10:26:0B:27:E2:12:18:08:D7:EC:F4:F2:E8:1D:D4:0B:E6:1C:D5:04:D3:FD:2E:12:F7:E3:ED:DB:FA:F3:EE:0A:17:02:D7:0F:EA:0A:1D:08:15:F9:12:E6:E5:13:16:10:11:E7:22:FE:FC:F0:FE:F8:06:21:0E:16:13:F5:EC:FB:17:1C:FD:F4:04:FD:01:04:E9:EC:37:F6:E6:FC:06:0A:FC:F9:19:01:D0:F4:EF:0A:E7:1A:0A:E9:F9:26:FC:03:12:08:25:1A:05:E5:05:0C:00:01:00:00:00:00:03:30:00:00:B4:0E:2E:00:E9:06:FB:02:1D:F7:F8:10:1C:D8:1A:E5:09:F1:FC:1E:20:FA:CA:05:F9:02:FC:F2:EB:FF:FD:EE:01:04:EB:FA:D2:05:1D:1C:09:08:F9:15:DE:F2:F5:F8:FE:0B:EE:08:01:10:01:FF:EA:12:00:00:E3:F0:13:FA:0A:FD:F3:09:FC:1A:FE:13:26:27:EA:0F:F0:1A:0A:21:F1:0D:F4:03:DC:0E:FF:11:FD:01:F4:17:13:10:0F:ED:0A:1A:06:FA:0F:1E:18:F9:0B:02:04:F6:FA:FC:0F:0B:F6:FD:F5:0F:F5:01:1E:EB:02:FF:AC:39:E9:1B:EA:F2:0E:F1:E5:ED:02:1E:24:0A:E0:19:00:22:14:12:F9:1E:F6:FF:FA:F1:01:1C:0A:FD:19:00:0D:E1:0C:12:FF:E3:0C:02:FC:ED:F5:02:2E:0A:FB:FA:F7:0A:F2:F1:02:F4:F3:01:E0:0C:04:0F:ED:E8:FD:FA:F9:06:FC:FD:08:F8:16:EE:F4:F8:01:FF:03:F6:07:F9:07:EF:F8:0C:0D:FE:ED:E4:19:FF:0C:FD:13:0F:0D:FF:F9:07:F6:0B:FE:D7:FB:F6:0C:FA:FB:17:FA:05:10:EF:0A:07:21:04:E8:F2:02:F5:B9:3A:FB:1F:D8:FC:CB:DE:21:FA:35:0E:11:FF:07:F7:00:13:F9:FD:F3:EF:16:2A:0A:2C:07:00:00:E0:10:06:F4:3A:E3:13:0B:01:19:DB:F8:0D:01:F1:F1:00:13:07:FE:23:00:11:13:08:FD:DA:F5:1C:08:13:0E:E1:19:FD:14:EB:F9:28:18:13:17:09:08:F0:E2:FC:F0:D9:F9:00:00:F0:F8:F4:04:F9:F2:0C:0F:01:10:FA:F9:02:00:FA:06:EC:03:10:00:03:17:ED:1E:13:E8:FD:00:15:F3:11:F1:EA:F7:F6:2B:03:F7:07:0F:F4:EF:03:0E:00:03:00:F2:F1:F8:07:08:01:17:F4:F6:FF:0A:0B:EE:E6:FA:F8:09:F1:04:1C:04:FF:11:DD:15:AD:04:FD:ED:F9:02:2D:FA:0C:F9:0D:18:34:1D:0A:E7:ED:2D:0F:22:04:F4:0F:F7:DF:26:C7:11:04:DD:0E:EC:0A:E6:01:F0:13:E6:1F:F7:0F:F2:2A:F7:FB:FD:FD:12:08:EC:05:11:02:F4:0A:F5:1D:ED:00:1F:19:00:FC:E8:E8:E8:10:17:F0:FD:07:F1:EE:EF:E9:E9:E9:E0:FA:00:F5:0B:05:E1:F9:FE:FB:0A:06:06:0F:09:F7:0E:ED:F7:E7:F1:20:FE:04:0D:FB:07:15:F4:FD:09:E6:01:06:03:F4:FF:FB:02:0D:08:02:F2:16:F9:09:FB:FF:FC:08:21:1D:F9:00:01:F1:EB:03:06:F2:EF:F1:00:10:0A:07:F8:FA:0D:EF:00:03:00:13:13:07:F8:15:F7:F7:52:DE:FB:01:10:F8:42:12:E6:F2:F1:F8:28:01:F6:FE:02:06:F7:E2:19:F3:07:0D:CE:14:06:10:F9:24:EE:11:CE:22:0A:EB:FB:FD:FA:EB:E4:FC:E0:F2:F0:FA:FF:2C:01:FB:ED:F1:16:1D:EE:F8:E1:EF:11:EC:F4:0A:04:00:F2:FC:F9:F9:FA:0F:0C:0B:0D:0E:F9:DC:06:F2:EC:02:03:09:12:0A:06:E9:05:08:FC:17:FE:05:F1:FD:F4:FF:0A:02:00:02:0C:00:0B:0E:16:04:FB:06:FC:E9:00:F7:EE:F0:08:F6:00:F2:08:1D:DF:0D:02:0B:0E:0A:FA:FE:12:F7:00:10:00:E9:07:17:00:02:EA:01:10:FD:EB:F7:1A:03:07:EA:06:12:07:F5:10:45:F5:D9:F7:01:02:03:CC:E6:D8:05:F8:F8:20:32:F8:E2:05:EA:04:0F:0C:E0:18:F4:EF:00:D2:E5:E3:16:00:12:E1:D6:F7:04:EA:E7:13:FA:EE:0C:19:F0:0D:07:D7:FE:FA:08:F7:FC:E6:06:FB:FA:EF:37:03:F2:07:F6:07:EF:F2:FE:F7:FC:FB:FC:FC:01:1D:00:0A:03:1C:E8:16:04:08:01:09:ED:0C:05:EE:EF:E3:F7:07:01:F8:DB:FC:00:F0:00:14:F6:FE:FC:15:12:FC:0A:28:13:F9:F7:02:0E:07:0E:0D:09:F6:0F:04:E3:0D:FE:04:01:ED:11:F0:04:F7:06:05:F8:FA:0D:03:05:FF:1D:00:F8:E9:02:E9:03:05:FB:EA:0E:F3:10:F4:45:C2:17:12:FD:11:E6:39:13:FC:25:17:FD:E3:0E:06:E8:06:F3:0F:E8:FB:14:12:1C:ED:FC:1D:F7:E9:0F:04:F7:EF:E0:16:F9:0E:1C:FF:FA:FB:F3:EF:F9:02:D1:F1:F4:F5:13:FC:E2:12:03:F3:11:07:ED:F7:F9:EE:FA:F6:E5:F1:AD:1F:F5:20:0D:15:E2:DC:FF:FA:0A:F5:E7:1F:14:FD:F1:F6:18:F6:16:E3:0E:FA:0E:F0:F1:FC:EF:22:EC:04:EA:10:18:FA:FA:E5:F4:E2:E6:37:0C:FF:F9:E4:01:0F:F0:08:05:05:FD:08:00:FD:E1:0E:01:0F:07:0A:E3:F7:15:C0:20:D3:19:DC:FF:E2:32:EA:FE:F9:EB:CF:24:1F:21:08:2C:DB:0F:20:FE:D9:F2:FC:F3:DF:13:C8:0C:F3:1A:D4:07:D0:01:2F:0F:04:DA:DD:ED:00:EE:E8:06:11:04:E0:0A:E6:0A:1E:01:14:09:12:EF:F4:21:12:11:2C:E4:10:06:FF:E7:F8:FD:0D:13:11:17:12:F2:EB:F1:12:17:FD:FA:01:F8:00:06:E8:FC:34:FA:E6:04:16:04:FF:FF:10:FF:D8:00:E5:FE:EE:14:00:EC:F2:1E:01:09:09:F8:22:0D:F4:E9:FC:03:FA:01:00:00:00:00:03:30:00:00:B5:13:2D:FC:E4:FA:F9:02:21:F3:FA:16:19:D8:22:F0:11:E7:08:22:1F:FF:CE:09:FC:02:04:FB:EB:FA:FE:F0:09:04:E6:F4:D5:05:1E:20:10:04:F9:16:E1:F2:F6:F2:07:0A:F2:09:05:0C:FF:00:E3:16:F2:08:DE:F5:14:F6:06:F4:E8:0C:FA:1B:FC:0C:1F:23:E2:12:F6:14:07:1D:F2:0B:FC:04:DC:0A:05:0E:00:00:FF:16:13:13:0D:EB:0E:18:07:F6:08:1C:12:FA:06:00:01:01:F6:F0:0F:10:FE:FC:F1:10:F5:00:10:FC:FD:F9:AD:37:EB:18:E7:F3:0D:EC:E8:E7:02:21:21:0D:DF:19:00:28:12:11:FA:20:F6:01:F9:F9:FE:1A:18:FF:11:00:08:E2:10:17:01:ED:13:FF:FF:ED:F4:08:30:08:FF:FB:F5:04:F4:F5:00:F6:F1:01:E0:0E:FD:0D:F0:EF:FB:02:FA:09:F8:FE:0B:F6:12:EE:F0:04:FE:04:03:FA:0B:F7:06:EA:FA:0A:11:FC:F0:DE:1A:03:0E:00:0F:0C:0D:04:FB:0C:F6:10:FF:DE:FB:F5:0E:FC:FB:11:FF:0B:0C:EE:0C:0C:24:07:E7:F5:FF:F4:C1:46:FC:1D:DB:F7:D1:E5:21:F6:36:06:0F:05:09:F3:04:13:FB:02:E7:03:15:21:02:29:07:00:FB:DB:0C:04:F5:3D:EA:18:03:02:1E:E6:FA:0D:07:EE:EE:F8:13:0A:04:21:FF:13:1D:08:FE:E2:F3:0B:0E:1C:10:DD:1A:01:1B:EE:FD:27:1F:16:14:00:0C:F2:DB:F2:ED:D2:07:09:00:E9:F4:F5:03:FA:EC:16:0E:00:10:01:FC:FC:0C:F7:07:F3:01:0E:02:F9:0B:EF:17:12:E8:02:FC:0D:F5:12:EF:EF:EB:F4:1E:0C:FA:00:12:F8:E5:00:0F:F7:00:FA:F0:E9:F5:09:F7:01:14:F1:EC:FE:05:03:FA:F4:FF:F1:09:F6:F9:13:00:F5:1A:E4:15:AD:06:05:F1:FB:05:26:F7:0F:03:0F:18:32:1B:0C:EF:ED:28:0E:26:FF:FB:0D:01:E9:2A:CC:0E:FE:DE:09:F4:09:E2:02:F1:10:E5:1B:0C:10:E8:2E:F9:F5:F8:FE:16:06:F0:0A:15:06:F5:13:FA:1B:F3:F3:21:28:05:F4:F0:DF:E5:05:13:F4:F5:FE:F2:EF:F1:F1:E0:E9:E2:FC:02:F8:09:04:E9:FC:FC:FD:0E:07:06:0B:0A:F8:0B:EF:F2:E4:F1:21:00:03:FC:FF:09:12:F9:FB:07:E1:00:08:01:00:FF:00:04:09:04:0C:F7:12:FC:05:F4:00:06:03:22:29:01:02:00:F1:EB:03:FB:00:E7:EE:03:12:13:00:F6:F9:0D:E0:FD:FC:F7:17:09:05:00:15:F5:F7:4F:DB:FA:00:08:F8:41:03:E4:FB:F2:F1:2F:01:FB:FF:01:03:F5:E3:16:F8:0B:11:D3:1B:FF:11:F7:23:EA:0A:C8:21:0F:EB:FD:FA:FC:E5:E5:FE:E8:EF:F5:FA:FA:21:00:F6:E7:EB:0F:21:EF:FF:DC:F0:14:EA:EE:06:07:FE:EC:FA:FA:F4:FD:12:0B:06:08:05:FF:E1:08:E5:F2:00:FD:07:08:07:04:F1:06:0B:F3:18:F4:03:ED:F4:F0:04:03:04:04:01:0C:FB:0E:0E:15:03:FF:FE:FB:EC:04:F9:EC:F2:10:FC:FD:00:05:14:EA:0F:09:02:0B:0C:EF:FC:0E:F8:FD:11:02:ED:08:20:06:05:E6:02:11:FA:F8:F8:1A:FE:05:E6:05:14:06:FB:1D:40:F3:D4:F6:04:FD:FC:CA:F1:DF:07:04:F5:1E:37:F8:E7:05:E8:02:0A:0C:DF:18:F0:E8:00:C9:EB:EB:11:FD:17:E2:D6:F3:00:E8:E6:17:F9:F1:0D:14:F6:0C:06:D6:06:FB:05:FD:F9:EF:F8:00:F4:F0:33:00:F3:07:F4:0A:F5:00:FC:F1:FA:F6:00:FA:02:1C:02:04:04:15:E8:18:04:0D:F6:02:EE:05:00:ED:EB:E1:F7:07:01:FF:DA:FC:00:E9:00:11:F8:F9:FD:18:0C:02:05:20:17:01:F1:FF:0B:FA:11:0F:05:FC:15:08:E6:08:FC:00:FA:EF:12:EA:06:F9:0D:0D:F2:FC:10:00:0B:01:1B:09:F5:E7:03:E8:FA:02:00:EB:07:EC:0F:E8:43:BB:17:09:00:18:DC:34:13:FC:23:16:06:EB:0A:0C:F2:10:FD:0E:F2:FC:0A:17:11:EF:F8:1C:EE:EA:0C:08:00:EA:D7:11:F7:FD:1F:06:04:00:FE:E7:FC:F4:E0:FF:ED:FD:17:05:D4:0A:05:EA:12:07:F2:F5:08:EF:FF:EC:E4:F1:B6:2E:F5:23:01:18:E5:E3:F8:F2:03:FE:E8:20:0F:F6:F2:F9:25:F1:1E:F0:0C:F6:0E:FA:EA:01:F0:29:ED:08:F5:0F:19:00:FC:E8:EC:E3:E6:34:0E:FE:FE:EC:05:0A:E4:04:FF:08:01:0B:FB:00:DB:11:FE:15:05:10:EC:F7:0C:BA:28:D5:22:E3:16:DD:2E:F4:06:FA:E8:CA:1F:1C:2B:07:35:E1:15:19:04:E7:E4:FF:F3:E6:1A:CE:09:DF:0F:D9:02:CF:06:2C:00:FF:E3:DA:EA:06:EB:EF:07:1A:FE:D0:0D:E9:04:1E:0B:10:FE:18:ED:ED:1F:17:0F:0C:F8:17:03:FA:ED:F9:F9:06:1F:05:15:10:FC:EF:F7:17:11:00:FB:FB:01:FB:FF:F2:FC:2A:F4:DF:02:10:06:FF:09:14:FC:D3:FE:EC:FC:F0:20:05:E2:F8:1B:03:0B:17:01:27:0E:F2:F6:F5:09:F9:01:00:00:00:00:00:00:00:00:00:00:00:00:00:00:00:00:00:00:00:00:00:00:00:00:00:00:00:00:00:00:00:00:00:00:00:00:00:00:00:00:00:00:00:00:00:00:00:00:00:00:00:00:00:00:00:00:00:00:00:00:00:00:00:00:00:00:00:00:00:00:00:00:00:00:00:00:00:00:00:00:00:00:00:00:00:00:00:00:00:00:00:00:00:00:00:00:00:00:00:00:00:00:00:00:00:00:00:00:00:00:00:00:00:00:00:00:00:00:00:00:00:00:00:00:00:00:00:00:00:00:00:00:00:00:00:00:00:00:00:00:00:00:00:00:00:00:00:00:00:00:00:00:00:00:00:00:00:00:00:00:00:00:00:00:00:00:00:00:00:00:00:00:00:00:00:00:00:00:00:00:00:00:00:00:00:00:00:00:00:00:00:00:00:00:00:00:00:00:00:00:00:00:00:00:00:00:00:00:00:00:00:00:00:00:00:00:00:00:00:00:00:00:00:00:00:00:00:00:00:00:00:00:00:00:00:00:00:00:00:00:00:00:00:00:00:00:00:00:00:00:00:00:00:00:00:00:00:00:00:00:00:00:00:00:00:00:00:00:00:00:00:00:00:00:00:00:00:00:00:00:00:00:00:00:00:00:00:00:00:00:00:00:00:00:00:00:00:00:00:00:00:00:00:00:00:00:00:00:00:00:00:00:00:00:00:00:00:00:00:00:00:00:00:00:00:00:00:00:00:00:00:00:00:00:00:00:00:00:00:00:00:00:00:00:00:00:00:00:00:00:00:00:00:00:00:00:00:00:00:00:00:00:00:00:00:00:00:00:00:00:00:00:00:00:00:00:00:00:00:00:00:00:00:00:00:00:00:00:00:00:00:00:00:00:00:00:00:00:00:00:00:00:00:00:00:00:00:00:00:00:00:00:00:00:00:00:00:00:00:00:00:00:00:00:00:00:00:00:00:00:00:00:00:00:00:00:00:00:00:00:00:00:00:00:00:00:00:00:00:00:00:00:00:00:00:00:00:00:00:00:00:00:00:00:00:00:00:00:00:00:00:00:00:00:00:00:00:00:00:00:00:00:00:00:00:00:00:00:00:00:00:00:00:00:00:00:00:00:00:00:00:00:00:00:00:00:00:00:00:00:00:00:00:00:00:00:00:00:00:00:00:00:00:00:00:00:00:00:00:00:00:00:00:00:00:00:00:00:00:00:00:00:00:00:00:00:00:00:00:00:00:00:00:00:00:00:00:00:00:00:00:00:00:00:00:00:00:00:00:00:00:00:00:00:00:00:00:00:00:00:00:00:00:00:00:00:00:00:00:00:00:00:00:00:00:00:00:00:00:00:00:00:00:00:00:00:00:00:00:00:00:00:00:00:00:00:00:00:00:00:00:00:00:00:00:00:00:00:00:00:00:00:00:00:00:00:00:00:00:00:00:00:00:00:00:00:00:00:00:00:00:00:00:00:00:00:00:00:00:00:00:00:00:00:00:00:00:00:00:00:00:00:00:00:00:00:00:00:00:00:00:00:00:00:00:00:00:00:00:00:00:00:00:00:00:00:00:00:00:00:00:00:00:00:00:00:00:00:00:00:00:00:00:00:00:00:00:00:00:00:00:00:00:00:00:00:00:00:00:00:00:00:00:00:00:00:00:00:00:00:00:00:00:00:00:00:00:00:00:00:00:00:00:00:00:00:00:00:00:00:00:00:00:00:00:00:00:00:00:00:00:00:00:00:00:00:00:00:00:00:00:00:00:00:00:00:00:00:00:00:00:00:00:00:00:00:00:00:00:00:00:00:00:00:00:00:00:00:00:00:00:00:00:00:00:00:00:00:00:00:00:00:00:00:00:00:00:00:00:00:00:00:00:00:00:00:00:00:00:00:00:00:00:00:00:00:00:00:00:00:00:00:00:00:00:00:00:00:00:00:00:00:00:00:00:00:00:00:00:00:00:00:00:00:00:00:00:00:00:00:00:00:00:00:00:00:00:00:00:00:00:00:00:00:00:00:00:00:00:00:00:00:00:00:00:00:00:00:00:00:00:00:00:00:00:00:00:00:00:00:00:00:00:00:00:00:00:00:00:00:00:00:00:00:00:00:00:00:00:00:00:00:00:00:00:00:00:00:00:00:00:00:00:00:00:00:00:00:00:00:00:00:00:00:00:00:00:00:00:00:00:00:00:00:00:00:00:00:00:00:00:00:00:00:00:00:00:00:00:00:00:00:00:00:00:00:00:00:00:00:00:00:00:00:00:00:00:00:00:00:00:00:00:00:00:00:00:00:00:00:00:00:00:00:00:00:00:00:00:00:00:00:00:00:00:00:00:00:00:00:00:00:00:00:00:00:00:00:00:00:00:00:00:00:00:00:00:00:00:00:00:00:00:00:00:00:00:00:00:00:00:00:00:00:00:00:00:00:00:00:00:00:00:00:00:00:00:00:00:00:00:00:00:00:00:00:00:00:00:00:00:00:00:00:00:00:00:00:00:00:00:00:00:00:00:00:00:00:00:00:00:00:00:00:00:00:00:00:00:00:00:00:00:00:00:00:00:00:00:00:00:00:00:00:00:00:00:00:00:00:00:00:00:00:00:00:00:00:00:00:00:00:00:00:00:00:00:00:00:00:00:00:00:00:00:00:00:00:00:00:00:00:00:00:00:00:00:00:00:00:00:00:00:00:00:00:00:00:00:00:00:00:00:00:00:00:00:00:00:00:00:00:00:00:00:00:00:00:00:00:00:00:00:00:00:00:00:00:00:00:00:00:00:00:00:00:00:00:00:00:00:00:00:00:00:00:00:00:00:00:00:00:00:00:00:00:00:00:00:00:00:00:00:00:00:00:00:00:00:00:00:00:00:00:00:00:00:00:00:00:00:00:00:00:00:00:00:00:00:00:00:00:00:00:00:00:00:00:00:00:00:00:00:00:00:00:00:00:00:00:00:00:00:00:00:00:00:00:00:00:00:00:00:00:00:00:00:00:00:00:00:00:00:00:00:00:00:00:00:00:00:00:00:00:00:00:00:00:00:00:00:00:00:00:00:00:00:00:00:00:00:00:00:00:00:00:00:00:00:00:00:00:00:00:00:00:00:00:00:00:00:00:00:00:00:00:00:00:00:00:00:00:00:00:00:00:00:00:00:00:00:00:00:00:00:00:00:00:00:00:00:00:00:00:00:00:00:00:00:00:00:00:00:00:00:00:00:00:00:00:00:00:00:00:00:00:00:00:00:00:00:00:00:00:00:00:00:00:00:00:00:00:00:00:00:00:00:00:00:00:00:00:00:00:00:00:00:00:00:00:00:00:00:00:00:00:00:00:00:00:00:00:00:00:00:00:00:00:00:00:00:00:00:00:00:00:00:00:00:00:00:00:00:00:00:00:00:00:00:00:00:00:00:00:00:00:00:00:00:00:00:00:00:00:00:00:00:00:00:00:00:00:00:00:00:00:00:00:00:00:00:00:00:00:00:00:00:00:00:00:00:00:00:00:00:00:00:00:00:00:00:00:00:00:00:00:00:00:00:00:00:00:00:00:00:00:00:00:00:00:00:00:00:00:00:00:00:00:00:00:00:00:00:00:00:00:00:00:00:00:00:00:00:00:00:00:00:00:00:00:00:00:00:00:00:00:00:00:00:00:00:00:00:00:00:00:00:00:00:00:00:00:00:00:00:00:00:00:00:00:00:00:00:00:00:00:00:00:00:00:00:00:00:00:00:00:00:00:00:00:00:00:00:00:00:00:00:00:00:00:00:00:00:00:00:00:00:00:00:00:00:00:00:00:00:00:00:00:00:00:00:00:00:00:00:00:00:00:00:00:00:00:00:00:00:00:00:00:00:00:00:00:00:00:00:00:00:00:00:00:00:00:00:00:00:00:00:00:00:00:00:00:00:00:00:00:00:00:00:00:00:00:00:00:00:00:00:00:00:00:00:00:00:00:00:00:00:00:00:00:00:00:00:00:00:00:00:00:00:00:00:00:00:00:00:00:00:00:00:00:00:00:00:00:00:00:00:00:00:00:00:00:00:00:00:00:00:00:00:00:00:00:00:00:00:00:00:00:00:00:00:00:00:00:00:00:00:00:00:00:00:00:00:00:00:00:00:00:00:00:00:00:00:00:00:00:00:00:00:00:00:00:00:00:00:00:00:00:00:00:00:00:00:00:00:00:00:00:00:00:00:00:00:00:00:00:00:00:00:00:00:00:00:00:00:00:00:00:00:00:00:00:00:00:00:00:00:00:00:00:00:00:00:00:00:00:00:00:00:00:00:00:00:00:00:00:00:00:00:00:00:00:00:00:00:00:00:00:00:00:00:00:00:00:00:00:00:00:00:00:00:00:00:00:00:00:00:00:00:00:00:00:00:00:00:00:00:00:00:00:00:00:00:00:00:00:00:00:00:00:00:00:00:00:00:00:00:00:00:00:00:00:00:00:00:00:00:00:00:00:00:00:00:00:00:00:00:00:00:00:00:00:00:00:00:00:00:00:00:00:00:00:00:00:00:00:00:00:00:00:00:00:00:00:00:00:00:00:00:00:00:00:00:00:00:00:00:00:00:00:00:00:00:00:00:00:00:00:00:00:00:00:00:00:00:00:00:00:00:00:00:00:00:00:00:00:00:00:00:00:00:00:00:00:00:00:00:00:00:00:00:00:00:00:00:00:00:00:00:00:00:00:00:00:00:00:00:00:00:00:00:00:00:00:00:00:00:00:00:00:00:00:00:00:00:00:00:00:00:00:00:00:00:00:00:00:00:00:00:00:00:00:00:00:00:00:00:00:00:00:00:00:00:00:00:00:00:00:00:00:00:00:00:00:00:00:00:00:00:00:00:00:00:00:00:00:00:00:00:00:00:00:00:00:00:00:00:00:00:00:00:00:00:00:00:00:00:00:00:00:00:00:00:00:00:00:00:00:00:00:00:00:00:00:00:00:00:00:00:00:00:00:00:00:00:00:00:00:00:00:00:00:00:00:00:00:00:00:00:00:00:00:00:00:00:00:00:00:00:00:00:00:00:00:00:00:00:00:00:00:00:00:00:00:00:00:00:00:00:00:00:00:00:00:00:00:00:00:00:00:00:00:00:00:00:00:00:00:00:00:00:00:00:00:00:00:00:00:00:00:00:00:00:00:00:00:00:00:00:00:00:00:00:00:00:00:00:00:00:00:00:00:00:00:00:00:00:00:00:00:00:00:00:00:00:00:00:00:00:00:00:00:00:00:00:00:00:00:00:00:00:00:00:00:00:00:00:00:00:00:00:00:00:00:00:00:00:00:00:00:00:00:00:00:00:00:00:00:00:00:00:00:00:00:00:00:00:00:00:00:00:00:00:00:00:00:00:00:00:00:00:00:00:00:00:00:00:00:00:00:00:00:00:00:00:00:00:00:00:00:00:00:00:00:00:00:00:00:00:00:00:00:00:00:00:00:00:00:00:00:00:00:00:00:00:00:00:00:00:00:00:00:00:00:00:00:00:00:00:00:00:00:00:00:00:00:00:00:00:00:00:00:00:00:00:00:00:00:00:00:00:00:00:00:00:00:00:00:00:00:00:00:00:00:00:00:00:00:00:00:00:00:00:00:00:00:00:00:00:00:00:00:00:00:00:00:00:00:00:00:00:00:00:00:00:00:00:00:00:00:00:00:00:00:00:00:00:00:00:00:00:00:00:00:00:00:00:00:00:00:00:00:00:00:00:00:00:00:00:00:00:00:00:00:00:00:00:00:00:00:00:00:00:00:00:00:00:00:00:00:00:00:00:00:00:00:00:00:00:00:00:00:00:00:00:00:00:00:00:00:00:00:00:00:00:00:00:00:00:00:00:00:00:00:00:00:00:00:00:00:00:00:00:00:00:00:00:00:00:00:00:00:00:00:00:00:00:00:00:00:00:00:00:00:00:00:00:00:00:00:00:00:00:00:00:00:00:00:00:00:00:00:00:00:00:00:00:00:00:00:00:00:00:00:00:00:00:00:00:00:00:00:00:00:00:00:00:00:00:00:00:00:00:00:00:00:00:00:00:00:00:00:00:00:00:00:00:00:00:00:00:00:00:00:00:00:00:00:00:00:00:00:00:00:00:00:00:00:00:00:00:00:00:00:00:00:00:00:00:00:00:00:00:00:00:00:00:00:00:00:00:00:00:00:00:00:00:00:00:00:00:00:00:00:00:00:00:00:00:00:00:00:00:00:00:00:00:00:00:00:00:00:00:00:00:00:00:00:00:00:00:00:00:00:00:00:00:00:00:00:00:00:00:00:00:00:00:00:00:00:00:00:00:00:00:00:00:00:00:00:00:00:00:00:00:00:00:00:00:00:00:00:00:00:00:00:00:00:00:00:00:00:00:00:00:00:00:00:00:00:00:00:00:00:00:00:00:00:00:00:00:00:00:00:00:00:00:00:00:00:00:00:00:00:00:00:00:00:00:00:00:00:00:00:00:00:00:00:00:00:00:00:00:00:00:00:00:00:00:00:00:00:00:00:00:00:00:00:00:00:00:00:00:00:00:00:00:00:00:00:00:00:00:00:00:00:00:00:00:00:00:00:00:00:00:00:00:00:00:00:00:00:00:00:00:00:00:00:00:00:00:00:00:00:00:00:00:00:00:00:00:00:00:00:00:00:00:00:00:00:00:00:00:00:00:00:00:00:00:00:00:00:00:00:00:00:00:00:00:00:00:00:00:00:00:00:00:00:00:00:00:00:00:00:00:00:00:00:00:00:00:00:00:00:00:00:00:00:00:00:00:00:00:00:00:00:00:00:00:00:00:00:00:00:00:00:00:00:00:00:00:00:00:00:00:00:00:00:00:00:00:00:00:00:00:00:00:00:00:00:00:00:00:00:00:00:00:00:00:00:00:00:00:00:00:00:00:00:00:00:00:00:00:00:00:00:00:00:00:00:00:00:00:00:00:00:00:00:00:00:00:00:00:00:00:00:00:00:00:00:00:00:00:00:00:00:00:00:00:00:00:00:00:00:00:00:00:00:00:00:00:00:00:00:00:00:00:00:00:00:00:00:00:00:00:00:00:00:00:00:00:00:00:00:00:00:00:00:00:00:00:00:00:00:00:00:00:00:00:00:00:00:00:00:00:00:00:00:00:00:00:00:00:00:00:00:00:00:00:00:00:00:00:00:00:00:00:00:00:00:00:00:00:00:00:00:00:00:00:00:00:00:00:00:00:00:00:00:00:00:00:00:00:00:00:00:00:00:00:00:00:00:00:00:00:00:00:00:00:00:00:00:00:00:00:00:00:00:00:00:00:00:00:00:00:00:00:00:00:00:00:00:00:00:00:00:00:00:00:00:00:00:00:00:00:00:00:00:00:00:00:00:00:00:00:00:00:00:00:00:00:00:00:00:00:00:00:00:00:00:00:00:00:00:00:00:00:00:00:00:00:00:00:00:00:00:00:00:00:00:00:00:00:00:00:00:00:00:00:00:00:00:00:00:00:00:00:00:00:00:00:00:00:00:00:00:00:00:00:00:00:00:00:00:00:00:00:00:00:00:00:00:00:00:00:00:00:00:00:00:00:00:00:00:00:00:00:00:00:00:00:00:00:00:00:00:00:00:00:00:00:00:00:00:00:00:00:00:00:00:00:00:00:00:00:00:00:00:00:00:00:00:00:00:00:00:00:00:00:00:00:00:00:00:00:00:00:00:00:00:00:00:00:00:00:00:00:00:00:00:00:00:00:00:00:00:00:00:00:00:00:00:00:00:00:00:00:00:00:00:00:00:00:00:00:00:00:00:00:00:00:00:00:00:00:00:00:00:00:00:00:00:00:00:00:00:00:00:00:00:00:00:00:00:00:00:00:00:00:00:00:00:00:00:00:00:00:00:00:00:00:00:00:00:00:00:00:00:00:00:00:00:00:00:00:00:00:00:00:00:00:00:00:00:00:00:00:00:00:00:00:00:00:00:00:00:00:00:00:00:00:00:00:00:00:00:00:00:00:00:00:00:00:00:00:00:00:00:00:00:00:00:00:00:00:00:00:00:00:00:00:00:00:00:00:00:00:00:00:00:00:00:00:00:00:00:00:00:00:00:00:00:00:00:00:00:00:00:00:00:00:00:00:00:00:00:00:00:00:00:00:00:00:00:00:00:00:00:00:00:00:00:00:00:00:00:00:00:00:00:00:00:00:00:00:00:00:00:00:00:00:00:00:00:00:00:00:00:00:00:00:00:00:00:00:00:00:00:00:00:00:00:00:00:00:00:00:00:00:00:00:00:00:00:00:00:00:00:00:00:00:00:00:00:00:00:00:00:00:00:00:00:00:00:00:00:00:00:00:00:00:00:00:00:00:00:00:00:00:00:00:00:00:00:00:00:00:00:00:00:00:00:00:00:00:00:00:00:00:00:00:00:00:00:00:00:00:00:00:00:00:00:00:00:00:00:00:00:00:00:00:00:00:00:00:00:00:00:00:00:00:00:00:00:00:00:00:00:00:00:00:00:00:00:00:00:00:00:00:00:00:00:00:00:00:00:00:00:00:00:00:00:00:00:00:00:00:00:00:00:00:00:00:00:00:00:00:00:00:00:00:00:00:00:00:00:00:00:00:00:00:00:00:00:00:00:00:00:00:00:00:00:00:00:00:00:00:00:00:00:00:00:00:00:00:00:00:00:00:00:00:00:00:00:00:00:00:00:00:00:00:00:00:00:00:00:00:00:00:00:00:00:00:00:00:00:00:00:00:00:00:00:00:00:00:00:00:00:00:00:00:00:00:00:00:00:00:00:00:00:00:00:00:00:00:00:00:00:00:00:00:00:00:00:00:00:00:00:00:00:00:00:00:00:00:00:00:00:00:00:00:00:00:00:00:00:00:00:00:00:00:00:00:00:00:00:00:00:00:00:00:00:00:00:00:00:00:00:00:00:00:00:00:00:00:00:00:00:00:00:00:00:00:00:00:00:00:00:00:00:00:00:00:00:00:00:00:00:00:00:00:00:00:00:00:00:00:00:00:00:00:00:00:00:00:00:00:00:00:00:00:00:00:00:00:00:00:00:00:00:00:00:00:00:00:00:00:00:00:00:00:00:00:00:00:00:00:00:00:00:00:00:00:00:00:00:00:00:00:00:00:00:00:00:00:00:00:00:00:00:00:00:00:00:00:00:00:00:00:00:00:00:00:00:00:00:00:00:00:00:00:00:00:00:00:00:00:00:00:00:00:00:00:00:00:00:00:00:00:00:00:00:00:00:00:00:00:00:00:00:00:00:00:00:00:00:00:00:00:00:00:00:00:00:00:00:00:00:00:00:00:00:00:00:00:00:00:00:00:00:00:00:00:00:00:00:00:00:00:00:00:00:00:00:00:00:00:00:00:00:00:00:00:00:00:00:00:00:00:00:00:00:00:00:00:00:00:00:00:00:00:00:00:00:00:00:00:00:00:00:00:00:00:00:00:00:00:00:00:00:00:00:00:00:00:00:00:00:00:00:00:00:00:00:00:00:00:00:00:00:00:00:00:00:00:00:00:00:00:00:00:00:00:00:00:00:00:00:00:00:00:00:00:00:00:00:00:00:00:00:00:00:00:00:00:00:00:00:00:00:00:00:00:00:00:00:00:00:00:00:00:00:00:00:00:00:00:00:00:00:00:00:00:00:00:00:00:00:00:00:00:00:00:00:00:00:00:00:00:00:00:00:00:00:00:00:00:00:00:00:00:00:00:00:00:00:00:00:00:00:00:00:00:00:00:00:00:00:00:00:00:00:00:00:00:00:00:00:00:00:00:00:00:00:00:00:00:00:00:00:00:00:00:00:00:00:00:00:00:00:00:00:00:00:00:00:00:00:00:00:00:00:00:00:00:00:00:00:00:00:00:00:00:00:00:00:00:00:00:00:00:00:00:00:00:00:00:00:00:00:00:00:00:00:00:00:00:00:00:00:00:00:00:00:00:00:00:00:00:00:00:00:00:00:00:00:00:00:00:00:00:00:00:00:00:00:00:00:00:00:00:00:00:00:00:00:00:00:00:00:00:00:00:00:00:00:00:00:00:00:00:00:00:00:00:00:00:00:00:00:00:00:00:00:00:00:00:00:00:00:00:00:00:00:00:00:00:00:00:00:00:00:00:00:00:00:00:00:00:00:00:00:00:00:00:00:00:00:00:00:00:00:00:00:00:00:00:00:00:00:00:00:00:00:00:00:00:00:00:00:00:00:00:00:00:00:00:00:00:00:00:00:00:00:00:00:00:00:00:00:00:00:00:00:00:00:00:00:00:00:00:00:00:00:00:00:00:00:00:00:00:00:00:00:00:00:00:00:00:00:00:00:00:00:00:00:00:00:00:00:00:00:00:00:00:00:00:00:00:00:00:00:00:00:00:00:00:00:00:00:00:00:00:00:00:00:00:00:00:00:00:00:00:00:00:00:00:00:00:00:00:00:00:00:00:00:00:00:00:00:00:00:00:00:00:00:00:00:00:00:00:00:00:00:00:00:00:00:00:00:00:00:00:00:00:00:00:00:00:00:00:00:00:00:00:00:00:00:00:00:00:00:00:00:00:00:00:00:00:00:00:00:00:00:00:00:00:00:00:00:00:00:00:00:00:00:00:00:00:00:00:00:00:00:00:00:00:00:00:00:00:00:00:00:00:00:00:00:00:00:00:00:00:00:00:00:00:00:00:00:00:00:00:00:00:00:00:00:00:00:00:00:00:00:00:00:00:00:00:00:00:00:00:00:00:00:00:00:00:00:00:00:00:00:00:00:00:00:00:00:00:00:00:00:00:00:00:00:00:00:00:00:00:00:00:00:00:00:00:00:00:00:00:00:00:00:00:00:00:00:00:00:00:00:00:00:00:00:00:00:00:00:00:00:00:00:00:00:00:00:00:00:00:00:00:00:00:00:00:00:00:00:00:00:00:00:00:00:00:00:00:00:00:00:00:00:00:00:00:00:00:00:00:00:00:00:00:00:00:00:00:00:00:00:00:00:00:00:00:00:00:00:00:00:00:00:00:00:00:00:00:00:00:00:00:00:00:00:00:00:00:00:00:00:00:00:00:00:00:00:00:00:00:00:00:00:00:00:00:00:00:00:00:00:00:00:00:00:00:00:00:00:00:00:00:00:00:00:00:00:00:00:00:00:00:00:00:00:00:00:00:00:00:00:00:00:00:00:00:00:00:00:00:00:00:00:00:00:00:00:00:00:00:00:00:00:00:00:00:00:00:00:00:00:00:00:00:00:00:00:00:00:00:00:00:00:00:00:00:00:00:00:00:00:00:00:00:00:00:00:00:00:00:00:00:00:00:00:00:00:00:00:00:00:00:00:00:00:00:00:00:00:00:00:00:00:00:00:00:00:00:00:00:00:00:00:00:00:00:00:00:00:00:00:00:00:00:00:00:00:00:00:00:00:00:00:00:00:00:00:00:00:00:00:00:00:00:00:00:00:00:00:00:00:00:00:00:00:00:00:00:00:00:00:00:00:00:00:00:00:00:00:00:00:00:00:00:00:00:00:00:00:00:00:00:00:00:00:00:00:00:00:00:00:00:00:00:00:00:00:00:00:00:00:00:00:00:00:00:00:00:00:00:00:00:00:00:00:00:00:00:00:00:00:00:00:00:00:00:00:00:00:00:00:00:00:00:00:00:00:00:00:00:00:00:00:00:00:00:00:00:00:00:00:00:00:00:00:00:00:00:00:00:00:00:00:00:00:00:00:00:00:00:00:00:00:00:00:00:00:00:00:00:00:00:00:00:00:00:00:00:00:00:00:00:00:00:00:00:00:00:00:00:00:00:00:00:00:00:00:00:00:00:00:00:00:00:00:00:00:00:00:00:00:00:00:00:00:00:00:00:00:00:00:00:00:00:00:00:00:00:00:00:00:00:00:00:00:00:00:00:00:00:00:00:00:00:00:00:00:00:00:00:00:00:00:00:00:00:00:00:00:00:00:00:00:00:00:00:00:00:00:00:00:00:00:00:00:00:00:00:00:00:00:00:00:00:00:00:00:00:00:00:00:00:00:00:00:00:00:00:00:00:00:00:00:00:00:00:00:00:00:00:00:00:00:00:00:00:00:00:00:00:00:00:00:00:00:00:00:00:00:00:00:00:00:00:00:00:00:00:00:00:00:00:00:00:00:00:00:00:00:00:00:00:00:00:00:00:00:00:00:00:00:00:00:00:00:00:00:00:00:00:00:00:00:00:00:00:00:00:00:00:00:00:00:00:00:00:00:00:00:00:00:00:00:00:00:00:00:00:00:00:00:00:00:00:00:00:00:00:00:00:00:00:00:00:00:00:00:00:00:00:00:00:00:00:00:00:00:00:00:00:00:00:00:00:00:00:00:00:00:00:00:00:00:00:00:00:00:00:00:00:00:00:00:00:00:00:00:00:00:00:00:00:00:00:00:00:00:00:00:00:00:00:00:00:00:00:00:00:00:00:00:00:00:00:00:00:00:00:00:00:00:00:00:00:00:00:00:00:00:00:00:00:00:00:00:00:00:00:00:00:00:00:00:00:00:00:00:00:00:00:00:00:00:00:00:00:00:00:00:00:00:00:00:00:00:00:00:00:00:00:00:00:00:00:00:00:00:00:00:00:00:00:00:00:00:00:00:00:00:00:00:00:00:00:00:00:00:00:00:00:00:00:00:00:00:00:00:00:00:00:00:00:00:00:00:00:00:00:00:00:00:00:00:00:00:00:00:00:00:00:00:00:00:00:00:00:00:00:00:00:00:00:00:00:00:00:00:00:00:00:00:00:00:00:00:00:00:00:00:00:00:00:00:00:00:00:00:00:00:00:00:00:00:00:00:00:00:00:00:00:00:00:00:00:00:00:00:00:00:00:00:00:00:00:00:00:00:00:00:00:00:00:00:00:00:00:00:00:00:00:00:00:00:00:00:00:00:00:00:00:00:00:00:00:00:00:00:00:00:00:00:00:00:00:00:00:00:00:00:00:00:00:00:00:00:00:00:00:00:00:00:00:00:00:00:00:00:00:00:00:00:00:00:00:00:00:00:00:00:00:00:00:00:00:00:00:00:00:00:00:00:00:00:00:00:00:00:00:00:00:00:00:00:00:00:00:00:00:00:00:00:00:00:00:00:00:00:00:00:00:00:00:00:00:00:00:00:00:00:00:00:00:00:00:00:00:00:00:00:00:00:00:00:00:00:00:00:00:00:00:00:00:00:00:00:00:00:00:00:00:00:00:00:00:00:00:00:00:00:00:00:00:00:00:00:00:00:00:00:00:00:00:00:00:00:00:00:00:00:00:00:00:00:00:00:00:00:00:00:00:00:00:00:00:00:00:00:00:00:00:00:00:00:00:00:00:00:00:00:00:00:00:00:00:00:00:00:00:00:00:00:00:00:00:00:00:00:00:00:00:00:00:00:00:00:00:00:00:00:00:00:00:00:00:00:00:00:00:00:00:00:00:00:00:00:00:00:00:00:00:00:00:00:00:00:00:00:00:00:00:00:00:00:00:00:00:00:00:00:00:00:00:00:00:00:00:00:00:00:00:00:00:00:00:00:00:00:00:00:00:00:00:00:00:00:00:00:00:00:00:00:00:00:00:00:00:00:00:00:00:00:00:00:00:00:00:00:00:00:00:00:00:00:00:00:00:00:00:00:00:00:00:00:00:00:00:00:00:00:00:00:00:00:00:00:00:00:00:00:00:00:00:00:00:00:00:00:00:00:00:00:00:00:00:00:00:00:00:00:00:00:00:00:00:00:00:00:00:00:00:00:00:00:00:00:00:00:00:00:00:00:00:00:00:00:00:00:00:00:00:00:00:00:00:00:00:00:00:00:00:00:00:00:00:00:00:00:00:00:00:00:00:00:00:00:00:00:00:00:00:00:00:00:00:00:00:00:00:00:00:00:00:00:00:00:00:00:00:00:00:00:00:00:00:00:00:00:00:00:00:00:00:00:00:00:00:00:00:00:00:00:00:00:00:00:00:00:00:00:00:00:00:00:00:00:00:00:00:00:00:00:00:00:00:00:00:00:00:00:00:00:00:00:00:00:00:00:00:00:00:00:00:00:00:00:00:00:00:00:00:00:00:00:00:00:00:00:00:00:00:00:00:00:00:00:00:00:00:00:00:00:00:00:00:00:00:00:00:00:00:00:00:00:00:00:00:00:00:00:00:00:00:00:00:00:00:00:00:00:00:00:00:00:00:00:00:00:00:00:00:00:00:00:00:00:00:00:00:00:00:00:00:00:00:00:00:00:00:00:00:00:00:00:00:00:00:00:00:00:00:00:00:00:00:00:00:00:00:00:00:00:00:00:00:00:00:00:00:00:00:00:00:00:00:00:00:00:00:00:00:00:00:00:00:00:00:00:00:00:00:00:00:00:00:00:00:00:00:00:00:00:00:00:00:00:00:00:00:00:00:00:00:00:00:00:00:00:00:00:00:00:00:00:00:00:00:00:00:00:00:00:00:00:00:00:00:00:00:00:00:00:00:00:00:00:00:00:00:00:00:00:00:00:00:00:00:00:00:00:00:00:00:00:00:00:00:00:00:00:00:00:00:00:00:00:00:00:00:00:00:00:00:00:00:00:00:00:00:00:00:00:00:00:00:00:00:00:00:00:00:00:00:00:00:00:00:00:00:00:00:00:00:00:00:00:00:00:00:00:00:00:00:00:00:00:00:00:00:00:00:00:00:00:00:00:00:00:00:00:00:00:00:00:00:00:00:00:00:00:00:00:00:00:00:00:00:00:00:00:00:00:00:00:00:00:00:00:00:00:00:00:00:00:00:00:00:00:00:00:00:00:00:00:00:00:00:00:00:00:00:00:00:00:00:00:00:00:00:00:00:00:00:00:00:00:00:00:00:00:00:00:00:00:00:00:00:00:00:00:00:00:00:00:00:00:00:00:00:00:00:00:00:00:00:00:00:00:00:00:00:00:00:00:00:00:00:00:00:00:00:00:00:00:00:00:00:00:00:00:00:00:00:00:00:00:00:00:00:00:00:00:00:00:00:00:00:00:00:00:00:00:00:00:00:00:00:00:00:00:00:00:00:00:00:00:00:00:00:00:00:00:00:00:00:00:00:00:00:00:00:00:00:00:00:00:00:00:00:00:00:00:00:00:00:00:00:00:00:00:00:00:00:00:00:00:00:00:00:00:00:00:00:00:00:00:00:00:00:00:00:00:00:00:00:00:00:00:00:00:00:00:00:00:00:00:00:00:00:00:00:00:00:00:00:00:00:00:00:00:00:00:00:00:00:00:00:00:00:00:00:00:00:00:00:00:00:00:00:00:00:00:00:00:00:00:00:00:00:00:00:00:00:00:00:00:00:00:00:00:00:00:00:00:00:00:00:00:00:00:00:00:00:00:00:00:00:00:00:00:00:00:00:00:00:00:00:00:00:00:00:00:00:00:00:00:00:00:00:00:00:00:00:00:00:00:00:00:00:00:00:00:00:00:00:00:00:00:00:00:00:00:00:00:00:00:00:00:00:00:00:00:00:00:00:00:00:00:00:00:00:00:00:00:00:00:00:00:00:00:00:00:00:00:00:00:00:00:00:00:00:00:00:00:00:00:00:00:00:00:00:00:00:00:00:00:00:00:00:00:00:00:00:00:00:00:00:00:00:00:00:00:00:00:00:00:00:00:00:00:00:00:00:00:00:00:00:00:00:00:00:00:00:00:00:00:00:00:00:00:00:00:00:00:00:00:00:00:00:00:00:00:00:00:00:00:00:00:00:00:00:00:00:00:00:00:00:00:00:00:00:00:00:00:00:00:00:00:00:00:00:00:00:00:00:00:00:00:00:00:00:00:00:00:00:00:00:00:00:00:00:00:00:00:00:00:00:00:00:00:00:00:00:00:00:00:00:00:00:00:00:00:00:00:00:00:00:00:00:00:00:00:00:00:00:00:00:00:00:00:00:00:00:00:00:00:00:00:00:00:00:00:00:00:00:00:00:00:00:00:00:00:00:00:00:00:00:00:00:00:00:00:00:00:00:00:00:00:00:00:00:00:00:00:00:00:00:00:00:00:00:00:00:00:00:00:00:00:00:00:00:00:00:00:00:00:00:00:00:00:00:00:00:00:00:00:00:00:00:00:00:00:00:00:00:00:00:00:00:00:00:00:00:00:00:00:00:00:00:00:00:00:00:00:00:00:00:00:00:00:00:00:00:00:00:00:00:00:00:00:00:00:00:00:00:00:00:00:00:00:00:00:00:00:00:00:00:00:00:00:00:00:00:00:00:00:00:00:00:00:00:00:00:00:00:00:00:00:00:00:00:00:00:00:00:00:00:00:00:00:00:00:00:00:00:00:00:00:00:00:00:00:00:00:00:00:00:00:00:00:00:00:00:00:00:00:00:00:00:00:00:00:00:00:00:00:00:00:00:00:00:00:00:00:00:00:00:00:00:00:00:00:00:00:00:00:00:00:00:00:00:00:00:00:00:00:00:00:00:00:00:00:00:00:00:00:00:00:00:00:00:00:00:00:00:00:00:00:00:00:00:00:00:00:00:00:00:00:00:00:00:00:00:00:00:00:00:00:00:00:00:00:00:00:00:00:00:00:00:00:00:00:00:00:00:00:00:00:00:00:00:00:00:00:00:00:00:00:00:00:00:00:00:00:00:00:00:00:00:00:00:00:00:00:00:00:00:00:00:00:00:00:00:00:00:00:00:00:00:00:00:00:00:00:00:00:00:00:00:00:00:00:00:00:00:00:00:00:00:00:00:00:00:00:00:00:00:00:00:00:00:00:00:00:00:00:00:00:00:00:00:00:00:00:00:00:00:00:00:00:00:00:00:00:00:00:00:00:00:00:00:00:00:00:00:00:00:00:00:00:00:00:00:00:00:00:00:00:00:00:00:00:00:00:00:00:00:00:00:00:00:00:00:00:00:00:00:00:00:00:00:00:00:00:00:00:00:00:00:00:00:00:00:00:00:00:00:00:00:00:00:00:00:00:00:00:00:00:00:00:00:00:00:00:00:00:00:00:00:00:00:00:00:00:00:00:00:00:00:00:00:00:00:00:00:00:00:00:00:00:00:00:00:00:00:00:00:00:00:00:00:00:00:00:00:00:00:00:00:00:00:00:00:00:00:00:00:00:00:00:00:00:00:00:00:00:00:00:00:00:00:00:00:00:00:00:00:00:00:00:00:00:00:00:00:00:00:00:00:00:00:00:00:00:00:00:00:00:00:00:00:00:00:00:00:00:00:00:00:00:00:00:00:00:00:00:00:00:00:00:00:00:00:00:00:00:00:00:00:00:00:00:00:00:00:00:00:00:00:00:00:00:00:00:00:00:00:00:00:00:00:00:00:00:00:00:00:00:00:00:00:00:00:00:00:00:00:00:00:00:00:00:00:00:00:00:00:00:00:00:00:00:00:00:00:00:00:00:00:00:00:00:00:00:00:00:00:00:00:00:00:00:00:00:00:00:00:00:00:00:00:00:00:00:00:00:00:00:00:00:00:00:00:00:00:00:00:00:00:00:00:00:00:00:00:00:00:00:00:00:00:00:00:00:00:00:00:00:00:00:00:00:00:00:00:00:00:00:00:00:00:00:00:00:00:00:00:00:00:00:00:00:00:00:00:00:00:00:00:00:00:00:00:00:00:00:00:00:00:00:00:00:00:00:00:00:00:00:00:00:00:00:00:00:00:00:00:00:00:00:00:00:00:00:00:00:00:00:00:00:00:00:00:00:00:00:00:00:00:00:00:00:00:00:00:00:00:00:00:00:00:00:00:00:00:00:00:00:00:00:00:00:00:00:00:00:00:00:00:00:00:00:00:00:00:00:00:00:00:00:00:00:00:00:00:00:00:00:00:00:00:00:00:00:00:00:00:00:00:00:00:00:00:00:00:00:00:00:00:00:00:00:00:00:00:00:00:00:00:00:00:00:00:00:00:00:00:00:00:00:00:00:00:00:00:00:00:00:00:00:00:00:00:00:00:00:00:00:00:00:00:00:00:00:00:00:00:00:00:00:00:00:00:00:00:00:00:00:00:00:00:00:00:00:00:00:00:00:00:00:00:00:00:00:00:00:00:00:00:00:00:00:00:00:00:00:00:00:00:00:00:00:00:00:00:00:00:00:00:00:00:00:00:00:00:00:00:00:00:00:00:00:00:00:00:00:00:00:00:00:00:00:00:00:00:00:00:00:00:00:00:00:00:00:00:00:00:00:00:00:00:00:00:00:00:00:00:00:00:00:00:00:00:00:00:00:00:00:00:00:00:00:00:00:00:00:00:00:00:00:00:00:00:00:00:00:00:00:00:00:00:00:00:00:00:00:00:00:00:00:00:00:00:00:00:00:00:00:00:00:00:00:00:00:00:00:00:00:00:00:00:00:00:00:00:00:00:00:00:00:00:00:00:00:00:00:00:00:00:00:00:00:00:00:00:00:00:00:00:00:00:00:00:00:00:00:00:00:00:00:00:00:00:00:00:00:00:00:00:00:00:00:00:00:00:00:00:00:00:00:00:00:00:00:00:00:00:00:00:00:00:00:00:00:00:00:00:00:00:00:00:00:00:00:00:00:00:00:00:00:00:00:00:00:00:00:00:00:00:00:00:00:00:00:00:00:00:00:00:00:00:00:00:00:00:00:00:00:00:00:00:00:00:00:00:00:00:00:00:00:00:00:00:00:00:00:00:00:00:00:00:00:00:00:00:00:00:00:00:00:00:00:00:00:00:00:00:00:00:00:00:00:00:00:00:00:00:00:00:00:00:00:00:00:00:00:00:00:00:00:00:00:00:00:00:00:00:00:00:00:00:00:00:00:00:00:00:00:00:00:00:00:00:00:00:00:00:00:00:00:00:00:00:00:00:00:00:00:00:00:00:00:00:00:00:00:00:00:00:00:00:00:00:00:00:00:00:00:00:00:00:00:00:00:00:00:00:00:00:00:00:00:00:00:00:00:00:00:00:00:00:00:00:00:00:00:00:00:00:00:00:00:00:00:00:00:00:00:00:00:00:00:00:00:00:00:00:00:00:00:00:00:00:00:00:00:00:00:00:00:00:00:00:00:00:00:00:00:00:00:00:00:00:00:00:00:00:00:00:00:00:00:00:00:00:00:00:00:00:00:00:00:00:00:00:00:00:00:00:00:00:00:00:00:00:00:00:00:00:00:00:00:00:00:00:00:00:00:00:00:00:00:00:00:00:00:00:00:00:00:00:00:00:00:00:00:00:00:00:00:00:00:00:00:00:00:00:00:00:00:00:00:00:00:00:00:00:00:00:00:00:00:00:00:00:00:00:00:00:00:00:00:00:00:00:00:00:00:00:00:00:00:00:00:00:00:00:00:00:00:00:00:00:00:00:00:00:00:00:00:00:00:00:00:00:00:00:00:00:00:00:00:00:00:00:00:00:00:00:00:00:00:00:00:00:00:00:00:00:00:00:00:00:00:00:00:00:00:00:00:00:00:00:00:00:00:00:00:00:00:00:00:00:00:00:00:00:00:00:00:00:00:00:00:00:00:00:00:00:00:00:00:00:00:00:00:00:00:00:00:00:00:00:00:00:00:00:00:00:00:00:00:00:00:00:00:00:00:00:00:00:00:00:00:00:00:00:00:00:00:00:00:00:00:00:00:00:00:00:00:00:00:00:00:00:00:00:00:00:00:00:00:00:00:00:00:00:00:00:00:00:00:00:00:00:00:00:00:00:00:00:00:00:00:00:00:00:00:00:00:00:00:00:00:00:00:00:00:00:00:00:00:00:00:00:00:00:00:00:00:00:00:00:00:00:00:00:00:00:00:00:00:00:00:00:00:00:00:00:00:00:00:00:00:00:00:00:00:00:00:00:00:00:00:00:00:00:00:00:00:00:00:00:00:00:00:00:00:00:00:00:00:00:00:00:00:00:00:00:00:00:00:00:00:00:00:00:00:00:00:00:00:00:00:00:00:00:00:00:00:00:00:00:00:00:00:00:00:00:00:00:00:00:00:00:00:00:00:00:00:00:00:00:00:00:00:00:00:00:00:00:00:00:00:00:00:00:00:00:00:00:00:00:00:00:00:00:00:00:00:00:00:00:00:00:00:00:00:00:00:00:00:00:00:00:00:00:00:00:00:00:00:00:00:00:00:00:00:00:00:00:00:00:00:00:00:00:00:00:00:00:00:00:00:00:00:00:00:00:00:00:00:00:00:00:00:00:00:00:00:00:00:00:00:00:00:00:00:00:00:00:00:00:00:00:00:00:00:00:00:00:00:00:00:00:00:00:00:00:00:00:00:00:00:00:00:00:00:00:00:00:00:00:00:00:00:00:00:00:00:00:00:00:00:00:00:00:00:00:00:00:00:00:00:00:00:00:00:00:00:00:00:00:00:00:00:00:00:00:00:00:00:00:00:00:00:00:00:00:00:00:00:00:00:00:00:00:00:00:00:00:00:00:00:00:00:00:00:00:00:00:00:00:00:00:00:00:00:00:00:00:00:00:00:00:00:00:00:00:00:00:00:00:00:00:00:00:00:00:00:00:00:00:00:00:00:00:00:00:00:00:00:00:00:00:00:00:00:00:00:00:00:00:00:00:00:00:00:00:00:00:00:00:00:00:00:00:00:00:00:00:00:00:00:00:00:00:00:00:00:00:00:00:00:00:00:00:00:00:00:00:00:00:00:00:00:00:00:00:00:00:00:00:00:00:00:00:00:00:00:00:00:00:00:00:00:00:00:00:00:00:00:00:00:00:00:00:00:00:00:00:00:00:00:00:00:00:00:00:00:00:00:00:00:00:00:00:00:00:00:00:00:00:00:00:00:00:00:00:00:00:00:00:00:00:00:00:00:00:00:00:00:00:00:00:00:00:00:00:00:00:00:00:00:00:00:00:00:00:00:00:00:00:00:00:00:00:00:00:00:00:00:00:00:00:00:00:00:00:00:00:00:00:00:00:00:00:00:00:00:00:00:00:00:00:00:00:00:00:00:00:00:00:00:00:00:00:00:00:00:00:00:00:00:00:00:00:00:00:00:00:00:00:00:00:00:00:00:00:00:00:00:00:00:00:00:00:00:00:00:00:00:00:00:00:00:00:00:00:00:00:00:00:00:00:00:00:00:00:00:00:00:00:00:00:00:00:00:00:00:00:00:00:00:00:00:00:00:00:00:00:00:00:00:00:00:00:00:00:00:00:00:00:00:00:00:00:00:00:00:00:00:00:00:00:00:00:00:00:00:00:00:00:00:00:00:00:00:00:00:00:00:00:00:00:00:00:00:00:00:00:00:00:00:00:00:00:00:00:00:00:00:00:00:00:00:00:00:00:00:00:00:00:00:00:00:00:00:00:00:00:00:00:00:00:00:00:00:00:00:00:00:00:00:00:00:00:00:00:00:00:00:00:00:00:00:00:00:00:00:00:00:00:00:00:00:00:00:00:00:00:00:00:00:00:00:00:00:00:00:00:00:00:00:00:00:00:00:00:00:00:00:00:00:00:00:00:00:00:00:00:00:00:00:00:00:00:00:00:00:00:00:00:00:00:00:00:00:00:00:00:00:00:00:00:00:00:00:00:00:00:00:00:00:00:00:00:00:00:00:00:00:00:00:00:00:00:00:00:00:00:00:00:00:00:00:00:00:00:00:00:00:00:00:00:00:00:00:00:00:00:00:00:00:00:00:00:00:00:00:00:00:00:00:00:00:00:00:00:00:00:00:00:00:00:00:00:00:00:00:00:00:00:00:00:00:00:00:00:00:00:00:00:00:00:00:00:00:00:00:00:00:00:00:00:00:00:00:00:00:00:00:00:00:00:00:00:00:00:00:00:00:00:00:00:00:00:00:00:00:00:00:00:00:00:00:00:00:00:00:00:00:00:00:00:00:00:00:00:00:00:00:00:00:00:00:00:00:00:00:00:00:00:00:00:00:00:00:00:00:00:00:00:00:00:00:00:00:00:00:00:00:00:00:00:00:00:00:00:00:00:00:00:00:00:00:00:00:00:00:00:00:00:00:00:00:00:00:00:00:00:00:00:00:00:00:00:00:00:00:00:00:00:00:00:00:00:00:00:00:00:00:00:00:00:00:00:00:00:00:00:00:00:00:00:00:00:00:00:00:00:00:00:00:00:00:00:00:00:00:00:00:00:00:00:00:00:00:00:00:00:00:00:00:00:00:00:00:00:00:00:00:00:00:00:00:00:00:00:00:00:00:00:00:00:00:00:00:00:00:00:00:00:00:00:00:00:00:00:00:00:00:00:00:00:00:00:00:00:00:00:00:00:00:00:00:00:00:00:00:00:00:00:00:00:00:00:00:00:00:00:00:00:00:00:00:00:00:00:00:00:00:00:00:00:00:00:00:00:00:00:00:00:00:00:00:00:00:00:00:00:00:00:00:00:00:00:00:00:00:00:00:00:00:00:00:00:00:00:00:00:00:00:00:00:00:00:00:00:00:00:00:00:00:00:00:00:00:00:00:00:00:00:00:00:00:00:00:00:00:00:00:00:00:00:00:00:00:00:00:00:00:00:00:00:00:00:00:00:00:00:00:00:00:00:00:00:00:00:00:00:00:00:00:00:00:00:00:00:00:00:00:00:00:00:00:00:00:00:00:00:00:00:00:00:00:00:00:00:00:00:00:00:00:00:00:00:00:00:00:00:00:00:00:00:00:00:00:00:00:00:00:00:00:00:00:00:00:00:00:00:00:00:00:00:00:00:00:00:00:00:00:00:00:00:00:00:00:00:00:00:00:00:00:00:00:00:00:00:00:00:00:00:00:00:00:00:00:00:00:00:00:00:00:00:00:00:00:00:00:00:00:00:00:00:00:00:00:00:00:00:00:00:00:00:00:00:00:00:00:00:00:00:00:00:00:00:00:00:00:00:00:00:00:00:00:00:00:00:00:00:00:00:00:00:00:00:00:00:00:00:00:00:00:00:00:00:00:00:00:00:00:00:00:00:00:00:00:00:00:00:00:00:00:00:00:00:00:00:00:00:00:00:00:00:00:00:00:00:00:00:00:00:00:00:00:00:00:00:00:00:00:00:00:00:00:00:00:00:00:00:00:00:00:00:00:00:00:00:00:00:00:00:00:00:00:00:00:00:00:00:00:00:00:00:00:00:00:00:00:00:00:00:00:00:00:00:00:00:00:00:00:00:00:00:00:00:00:00:00:00:00:00:00:00:00:00:00:00:00:00:00:00:00:00:00:00:00:00:00:00:00:00:00:00:00:00:00:00:00:00:00:00:00:00:00:00:00:00:00:00:00:00:00:00:00:00:00:00:00:00:00:00:00:00:00:00:00:00:00:00:00:00:00:00:00:00:00:00:00:00:00:00:00:00:00:00:00:00:00:00:00:00:00:00:00:00:00:00:00:00:00:00:00:00:00:00:00:00:00:00:00:00:00:00:00:00:00:00:00:00:00:00:00:00:00:00:00:00:00:00:00:00:00:00:00:00:00:00:00:00:00:00:00:00:00:00:00:00:00:00:00:00:00:00:00:00:00:00:00:00:00:00:00:00:00:00:00:00:00:00:00:00:00:00:00:00:00:00:00:00:00:00:00:00:00:00:00:00:00:00:00:00:00:00:00:00:00:00:00:00:00:00:00:00:00:00:00:00:00:00:00:00:00:00:00:00:00:00:00:00:00:00:00:00:00:00:00:00:00:00:00:00:00:00:00:00:00:00:00:00:00:00:00:00:00:00:00:00:00:00:00:00:00:00:00:00:00:00:00:00:00:00:00:00:00:00:00:00:00:00:00:00:00:00:00:00:00:00:00:00:00:00:00:00:00:00:00:00:00:00:00:00:00:00:00:00:00:00:00:00:00:00:00:00:00:00:00:00:00:00:00:00:00:00:00:00:00:00:00:00:00:00:00:00:00:00:00:00:00:00:00:00:00:00:00:00:00:00:00:00:00:00:00:00:00:00:00:00:00:00:00:00:00:00:00:00:00:00:00:00:00:00:00:00:00:00:00:00:00:00:00:00:00:00:00:00:00:00:00:00:00:00:00:00:00:00:00:00:00:00:00:00:00:00:00:00:00:00:00:00:00:00:00:00:00:00:00:00:00:00:00:00:00:00:00:00:00:00:00:00:00:00:00:00:00:00:00:00:00:00:00:00:00:00:00:00:00:00:00:00:00:00:00:00:00:00:00:00:00:00:00:00:00:00:00:00:00:00:00:00:00:00:00:00:00:00:00:00:00:00:00:00:00:00:00:00:00:00:00:00:00:00:00:00:00:00:00:00:00:00:00:00:00:00:00:00:00:00:00:00:00:00:00:00:00:00:00:00:00:00:00:00:00:00:00:00:00:00:00:00:00:00:00:00:00:00:00:00:00:00:00:00:00:00:00:00:00:00:00:00:00:00:00:00:00:00:00:00:00:00:00:00:00:00:00:00:00:00:00:00:00:00:00:00:00:00:00:00:00:00:00:00:00:00:00:00:00:00:00:00:00:00:00:00:00:00:00:00:00:00:00:00:00:00:00:00:00:00:00:00:00:00:00:00:00:00:00:00:00:00:00:00:00:00:00:00:00:00:00:00:00:00:00:00:00:00:00:00:00:00:00:00:00:00:00:00:00:00:00:00:00:00:00:00:00:00:00:00:00:00:00:00:00:00:00:00:00:00:00:00:00:00:00:00:00:00:00:00:00:00:00:00:00:00:00:00:00:00:00:00:00:00:00:00:00:00:00:00:00:00:00:00:00:00:00:00:00:00:00:00:00:00:00:00:00:00:00:00:00:00:00:00:00:00:00:00:00:00:00:00:00:00:00:00:00:00:00:00:00:00:00:00:00:00:00:00:00:00:00:00:00:00:00:00:00:00:00:00:00:00:00:00:00:00:00:00:00:00:00:00:00:00:00:00:00:00:00:00:00:00:00:00:00:00:00:00:00:00:00:00:00:00:00:00:00:00:00:00:00:');
INSERT INTO `tb_template` (`pin`, `finger_idx`, `alg_ver`, `template`) VALUES
('1', 10, 39, '50:57:44:5F:48:53:31:3A:01:4D:46:4B:1B:D1:82:14:4B:FF:52:20:76:D1:D1:4A:2D:33:C2:AF:AB:43:CE:D9:0C:19:16:1E:E1:25:02:49:'),
('1', 11, 39, '49:44:43:5F:48:53:31:3A:38:37:31:36:36:39:32:00:00:00:00:00:00:00:00:00:00:00:00:00:00:00:00:00:00:00:00:00:00:00:00:00:'),
('2', 0, 39, '1E:14:0B:17:13:12:1B:0C:52:7A:51:50:57:56:55:54:4B:4A:49:48:4F:4E:4D:4C:43:42:41:40:47:46:45:44:7B:7A:79:78:7F:7E:7D:7C:73:72:71:70:77:76:75:74:6B:6A:69:68:6F:6E:6D:6C:63:62:61:60:67:66:65:64:1B:1A:19:18:1F:1E:1D:1C:13:12:11:10:17:16:15:14:8B:5D:B0:0C:C9:56:38:68:5A:59:75:7C:83:6F:C1:07:3B:37:11:3D:3C:3C:11:33:2A:3C:2F:2D:17:26:3F:2F:3E:3D:0C:2E:79:8A:78:55:08:52:15:B1:D1:5E:38:05:CC:C9:CF:F8:CA:C2:C2:C0:75:2E:CD:DD:B9:6F:7C:04:BB:7D:C5:C5:D0:CC:CE:DF:EB:EA:E2:CC:E3:D2:E4:E4:DF:EE:FD:E5:EC:DF:F0:E8:EA:D2:D2:D8:F3:F6:DF:F6:C2:F6:C4:E8:EA:F2:F3:ED:FC:E1:E1:EA:C5:D4:E3:C3:89:93:86:96:AC:99:95:BD:8E:94:81:A1:92:8E:81:B4:BB:82:AB:9F:BD:9F:82:87:A5:A7:9D:91:B5:CE:CB:C5:94:F2:46:03:11:E7:A6:67:A5:B9:76:AB:DA:FA:F0:E7:0E:DC:34:1F:08:C4:92:0A:D6:DE:02:0D:2F:13:C0:2E:D3:22:0F:E0:EF:D0:9E:1C:6B:CF:0D:0E:CA:F1:DF:CD:EB:3B:7C:28:C4:7B:62:CC:C0:6B:D2:D3:0D:29:CA:E6:1B:7A:79:78:7F:7E:7D:7C:73:72:71:70:F0:C1:F9:01:18:35:AC:E6:A9:8E:01:B4:F5:EF:CB:FC:3E:C3:BF:F6:6F:D3:D2:AE:5B:25:9C:B0:99:82:8E:BB:62:9A:A2:69:8B:25:28:D8:8B:53:63:C8:B4:6B:D6:DD:14:10:B2:9F:85:3A:39:38:3F:3E:3D:3C:33:32:31:30:FF:8E:F5:F4:F3:32:01:F8:07:AF:95:3D:F3:F2:99:E0:5F:E6:4C:7C:13:BA:19:60:3F:26:0D:6C:EB:6A:91:18:1F:1E:54:1C:83:C2:E1:90:87:7E:FD:34:39:F1:44:C5:62:53:D8:70:AF:FA:F9:F8:FF:FE:FD:FC:F3:F2:F1:F0:08:49:6F:FE:EB:15:16:17:E0:46:45:EC:23:1D:1E:1F:67:6C:EF:64:61:65:66:97:9F:9E:9D:BC:6C:6D:AE:90:96:96:95:56:74:75:86:88:8F:8E:8D:70:7C:FD:81:80:87:86:45:7B:44:B9:B9:B8:BF:BE:41:43:8C:B2:B1:B0:B7:76:4A:4B:A8:AA:A9:A8:AF:56:52:13:A3:A2:A1:A0:27:59:5A:F3:5B:5A:59:58:AF:A1:22:59:53:52:51:50:A9:A9:02:54:4B:4A:49:B8:B0:F1:4C:4C:43:42:41:BC:B8:49:45:44:7B:7A:F9:87:80:7E:7D:7C:73:72:89:8F:78:76:75:74:41:FA:96:97:6C:6E:6D:CC:61:9C:9E:5F:67:66:45:4E:EB:E5:E6:1B:1F:8E:17:1C:EB:ED:2E:10:3D:BF:15:94:F4:F5:06:A8:8D:04:0D:F6:FC:FD:01:2A:07:06:A7:FB:C4:05:39:38:15:3E:C2:C3:CC:39:31:90:35:D6:CA:CB:94:2E:29:02:EF:D1:D2:D3:0C:22:81:22:D8:D9:DA:DB:D8:DA:D9:2C:20:21:22:23:D3:D6:21:2F:28:5C:4D:C4:F3:CA:C9:C8:38:52:39:14:1F:6A:C6:73:7A:1D:2E:3E:F0:1B:1E:24:AE:16:F0:ED:D3:1E:E7:D7:CF:CB:EF:F1:FE:84:C4:BB:EF:F2:11:ED:1F:1D:FC:E0:1B:19:F8:EA:67:65:64:97:5C:41:72:93:50:6D:6E:97:74:2E:6A:93:77:32:76:89:73:8E:8D:8C:FF:82:BD:80:F7:46:B8:84:C8:7A:46:BF:3C:4D:52:BB:40:41:5E:B7:47:45:4A:B5:5B:6B:54:A9:6F:53:AA:AC:63:5D:A6:A0:5F:59:B8:A4:A0:B5:44:58:A4:BE:40:5C:AC:AC:AC:AC:A4:A4:A4:A4:BC:BC:BC:BC:A4:A4:A4:A4:AC:AC:AC:AC:A4:A4:A4:A4:9C:9C:9C:9C:E4:E4:E4:E4:EC:EC:EC:EC:E4:E4:E4:E4:FC:FC:FC:FC:E4:E4:E4:E4:EC:EC:EC:EC:E4:E4:E4:E4:9C:9C:9C:9C:A4:A4:A4:A4:AC:AC:AC:AC:A4:A4:A4:A4:BC:BC:BC:BC:A4:A4:A4:A4:AC:AC:AC:AC:A4:A4:A4:A4:9C:9C:9C:9C:64:64:64:64:6C:6C:6C:6C:64:64:64:64:E4:D7:D4:39:DE:2C:DD:21:23:21:D5:0F:2C:D4:2F:CC:DF:33:34:DA:2A:DF:2A:DD:2F:C1:CE:2F:D2:D6:D2:35:DF:CD:C0:3E:CD:3A:C3:C7:2D:35:20:C0:C1:C7:31:28:07:06:0A:FF:F1:05:FB:06:E4:FC:F3:F6:D2:EC:08:18:18:E4:EE:E9:FA:E4:EF:E4:1E:06:EB:E3:19:E1:0A:E8:6E:99:6A:95:9E:72:62:94:6E:9A:6C:8E:9D:95:60:68:66:8B:75:70:6A:8C:78:98:64:C8:4A:8F:9E:7F:9F:5D:8D:9C:41:90:AB:40:55:A9:A6:4D:BF:49:A1:41:49:A3:BC:B5:44:52:53:44:42:BD:AB:54:4E:7B:BF:5D:A9:B9:A6:A0:51:AA:A1:A0:A6:88:A0:AE:A0:59:AB:B1:44:5C:BE:45:41:BD:B6:B1:AA:49:BC:A9:BF:F0:67:46:59:43:66:A5:AD:81:7E:6A:8C:98:52:62:8D:70:8D:50:87:7A:8C:61:69:7E:82:94:90:9D:4B:90:69:98:6B:72:9D:92:FD:E6:F2:FD:2F:08:F6:EC:F8:16:1A:E4:06:14:17:11:0E:03:00:D3:07:FB:03:0C:08:EE:F3:0C:C4:2A:DA:25:D2:39:E3:19:D8:CA:C9:EA:EF:28:3E:16:22:14:D0:32:01:D5:F5:D9:D7:DD:F0:35:F7:20:CF:0F:FD:25:EC:D9:F2:D9:22:3E:36:00:29:22:34:DA:CB:DD:04:D4:3E:C7:EF:38:ED:37:CF:2B:35:C0:D0:CE:CE:1F:E3:C4:CD:2A:07:F2:F8:EA:EE:ED:F3:08:03:09:ED:DC:00:01:F3:F4:17:E1:00:07:DC:1C:0A:17:1F:F0:19:E4:C4:1A:3D:1F:76:99:6B:94:9F:6E:6B:96:98:80:91:95:BF:8B:6A:69:8B:90:8F:89:8F:8E:8D:8C:80:B2:81:80:36:8F:B4:7B:58:BC:4C:B9:A6:43:44:B6:A9:64:BA:55:BA:51:B4:96:8A:5D:65:A2:55:51:5E:40:42:A0:A0:54:AB:58:40:50:87:5C:41:45:53:59:A1:51:B8:A1:A6:B2:56:5F:AC:5D:4B:5E:BE:B6:A3:52:B5:4D:A1:AD:5B:BA:4B:46:A2:43:82:61:81:6B:5F:61:9A:6F:98:61:74:6A:82:7B:83:75:B7:60:69:62:6B:6F:95:71:70:72:71:8F:76:68:6F:66:15:3D:16:ED:1B:19:1C:E6:EF:E8:18:19:EE:16:E5:1B:FA:0E:1F:F9:F2:F4:A4:38:E6:1D:E6:EE:08:F1:E6:EE:3B:27:13:2B:CE:22:3D:23:23:26:DD:2A:DD:CF:CC:C3:D4:34:38:DC:3B:D0:3F:C8:29:37:DA:CE:35:20:DA:CA:27:DE:F1:D1:24:24:27:DF:3C:3C:D7:28:23:29:3D:C6:34:DA:24:20:CF:3B:35:CD:C3:C3:D0:3A:D2:29:28:C1:FE:FB:F9:0E:F7:03:FB:12:06:FF:FD:06:05:29:E0:0A:FA:15:E6:F8:E1:EF:15:E7:16:EA:E3:3A:E7:13:E3:1B:6C:89:60:9A:94:71:8C:97:B0:9B:7F:66:97:62:53:A8:77:AC:59:70:41:65:A1:74:B1:88:83:83:83:79:7B:90:B8:41:56:41:B0:94:BD:90:BE:B2:B7:51:B9:B6:59:F7:48:B1:A2:AE:B9:4B:AD:BF:A6:49:4C:A0:BE:5B:5C:AA:58:50:42:57:A7:B4:5D:7F:AF:4E:5C:B5:5A:AB:4A:8A:BB:6F:69:41:58:48:5D:A1:9C:BC:AC:9E:47:B9:4D:A9:8D:82:79:87:8A:69:69:7C:7D:71:72:75:70:8C:72:98:6F:66:93:6D:77:86:78:70:80:66:9E:72:8A:6E:8F:94:EE:E8:04:12:E7:1D:05:EA:F5:E7:1C:EE:11:15:E0:FA:F5:09:08:F3:1B:F5:F9:04:02:10:F5:F5:F8:FC:0D:EA:36:35:30:C7:2A:E0:2C:8D:33:CD:C2:C3:37:1B:CB:23:C6:24:33:02:35:D4:D5:C6:06:2E:02:DE:D2:2D:D7:FF:C6:0F:D6:D9:39:CC:2C:D3:36:D4:3C:C6:32:F2:2F:DA:'),
('2', 10, 39, '50:57:44:5F:48:53:31:3A:01:4D:46:4B:1B:D1:82:14:4B:FF:52:20:76:D1:D1:4A:2D:33:C2:AF:AB:43:CE:D9:0C:19:16:1E:E1:25:02:49:'),
('3', 0, 39, '1E:14:0B:17:13:12:1B:0C:52:7A:51:50:57:56:55:54:4B:4A:49:48:4F:4E:4D:4C:43:42:41:40:47:46:45:44:7B:7A:79:78:7F:7E:7D:7C:73:72:71:70:77:76:75:74:6B:6A:69:68:6F:6E:6D:6C:63:62:61:60:67:66:65:64:1B:1A:19:18:1F:1E:1D:1C:13:12:11:10:17:16:15:14:8B:D2:05:0D:58:4D:28:52:5E:62:6D:84:07:06:45:04:3B:3B:23:31:38:34:2D:34:2A:2C:2A:32:31:27:2D:38:3C:27:3D:3A:DF:62:AD:5B:EF:7F:F7:A0:85:1D:30:3D:FA:C3:FF:C4:C5:C1:F5:FD:21:9A:5C:58:82:18:33:5F:CB:F6:D4:D2:CE:C4:C1:D0:C1:C6:C1:DC:C2:DC:C6:C3:FE:FB:F2:F1:F1:EE:FE:F2:F4:F7:FA:F6:EB:F7:EB:F1:E2:CB:F8:EA:EB:F3:F6:EF:E3:F1:FB:EF:F8:F0:F0:C4:82:91:9F:B9:8D:9A:83:9E:8B:B1:B5:B0:80:85:8A:B6:9D:87:A8:90:87:8A:8F:8B:83:82:81:80:87:86:85:84:BB:BA:B9:B8:BF:BE:BD:BC:B3:B2:B1:B0:C8:D5:EB:30:F6:E4:FD:95:F3:EA:04:E2:10:9C:E0:2A:C4:8D:91:1B:EC:0D:3C:20:75:D1:2E:CF:34:CD:60:26:D7:6C:3E:2F:DD:4A:49:48:4F:4E:4D:4C:43:42:41:40:47:46:45:44:7B:7A:79:78:7F:7E:7D:7C:73:72:71:70:F7:FC:07:FE:03:F1:C1:F9:28:CD:01:DF:E5:32:D0:5D:A0:CE:5E:CA:CA:C8:CC:CE:6F:CC:80:9B:8D:9C:4D:D9:C6:4F:D9:2D:D6:0A:09:08:0F:0E:0D:0C:03:02:01:00:07:06:05:04:3B:3A:39:38:3F:3E:3D:3C:33:32:31:30:B7:B6:B5:CC:AB:A2:A1:20:AF:BE:DD:BC:D3:A2:31:58:B6:3E:A5:CC:3B:7A:D1:A1:4F:06:5D:2C:D3:A2:59:A8:BD:D4:D7:56:1E:CA:C9:C8:CF:CE:CD:CC:C3:C2:C1:C0:C7:C6:C5:C4:FB:FA:F9:F8:FF:FE:FD:FC:F3:F2:F1:F0:08:09:0A:0B:14:15:16:17:10:11:12:13:1C:1D:1E:1F:18:19:1A:1B:64:65:66:93:9F:9E:9D:6C:6C:6D:AE:90:97:96:95:6A:74:75:8A:88:CF:8B:4D:73:7C:BD:81:80:D3:86:7D:7B:44:B9:B9:F8:BA:3E:42:43:8C:B2:B1:B0:B7:4A:4A:4B:A9:AE:A9:A8:2F:50:52:83:E3:A2:A1:A0:4F:59:5A:A6:5F:5A:59:58:A0:A1:62:5C:53:52:51:90:A8:A9:57:54:5B:4A:49:B4:B0:71:4D:4C:43:42:81:BF:B8:49:45:44:7B:7A:85:87:D0:7E:7D:7C:73:72:8E:8F:71:76:75:74:6B:9A:96:C7:6F:6E:6D:6C:63:9D:9E:62:67:66:65:64:DB:E5:26:18:1F:1E:1D:1C:EF:ED:10:10:17:16:15:D4:F4:B5:09:08:0F:0E:0D:F0:FC:0C:01:04:07:06:C5:FB:84:3A:79:38:3F:3E:C1:C3:38:32:35:90:35:C6:CA:CB:81:2A:39:82:AF:D1:D2:D3:DC:C9:8B:DE:D8:D9:DA:DB:24:25:22:27:20:21:22:23:2C:2D:2E:2F:28:D6:D5:CC:D3:CA:C9:C8:2B:54:15:29:2F:0E:F7:31:5E:0E:23:DD:0C:1C:07:0E:B2:09:35:0A:BA:FD:F5:E5:CD:DA:E0:2F:FC:8B:C9:BC:EF:EE:ED:EC:E3:E2:E1:E0:E7:E6:E5:E4:9B:9A:99:98:9F:9E:9D:9C:93:92:91:90:97:96:95:94:8B:8A:89:88:8F:8E:8D:8C:83:82:81:80:87:86:85:84:BB:BA:B9:B8:BF:BE:BD:BC:B3:B2:B1:B0:B7:B6:B5:B4:AB:AA:A9:A8:90:AD:57:50:90:AF:57:50:A8:AF:4D:50:4B:5F:AD:B0:4B:50:AD:B0:4F:4E:4D:4C:43:42:41:40:27:26:25:24:3B:3A:39:38:3F:3E:3D:3C:33:32:31:30:17:16:15:14:6B:6A:69:68:6F:6E:6D:6C:63:62:61:60:47:46:45:44:5B:5A:59:58:5F:5E:5D:5C:53:52:51:50:37:36:35:34:0B:0A:09:08:0F:0E:0D:0C:03:02:01:00:E7:E6:E5:E4:FB:FA:F9:F8:FF:FE:FD:FC:F3:F2:F1:F0:D7:D6:D5:D4:2B:2A:29:28:2F:2E:2D:2C:23:22:21:20:E4:D7:D4:39:DE:2C:DD:21:23:21:D5:0F:2C:D4:2F:CC:DF:33:34:DA:2A:DF:2A:DD:2F:C1:CE:2F:D2:D6:D2:35:DF:CD:C0:3E:CD:3A:C3:C7:2D:35:20:C0:C1:C7:31:28:07:06:0A:FF:F1:05:FB:06:E4:FC:F3:F6:D2:EC:08:18:18:E4:EE:E9:FA:E4:EF:E4:1E:06:EB:E3:19:E1:0A:E8:6E:99:6A:95:9E:72:62:94:6E:9A:6C:8E:9D:95:60:68:66:8B:75:70:6A:8C:78:98:64:C8:4A:8F:9E:7F:9F:5D:8D:9C:41:90:AB:40:55:A9:A6:4D:BF:49:A1:41:49:A3:BC:B5:44:52:53:44:42:BD:AB:54:4E:7B:BF:5D:A9:B9:A6:A0:51:AA:A1:A0:A6:88:A0:AE:A0:59:AB:B1:44:5C:BE:45:41:BD:B6:B1:AA:49:BC:A9:BF:F0:67:46:59:43:66:A5:AD:81:7E:6A:8C:98:52:62:8D:70:8D:50:87:7A:8C:61:69:7E:82:94:90:9D:4B:90:69:98:6B:72:9D:92:FD:E6:F2:FD:2F:08:F6:EC:F8:16:1A:E4:06:14:17:11:0E:03:00:D3:07:FB:03:0C:08:EE:F3:0C:C4:2A:DA:25:D2:39:E3:19:D8:CA:C9:EA:EF:28:3E:16:22:14:D0:32:01:D5:F5:D9:D7:DD:F0:35:F7:20:CF:0F:FD:25:EC:D9:F2:D9:22:3E:36:00:29:22:34:DA:CB:DD:04:D4:3E:C7:EF:38:ED:37:CF:2B:35:C0:D0:CE:CE:1F:E3:C4:CD:2A:07:F2:F8:EA:EE:ED:F3:08:03:09:ED:DC:00:01:F3:F4:17:E1:00:07:DC:1C:0A:17:1F:F0:19:E4:C4:1A:3D:1F:76:99:6B:94:9F:6E:6B:96:98:80:91:95:BF:8B:6A:69:8B:90:8F:89:8F:8E:8D:8C:80:B2:81:80:36:8F:B4:7B:58:BC:4C:B9:A6:43:44:B6:A9:64:BA:55:BA:51:B4:96:8A:5D:65:A2:55:51:5E:40:42:A0:A0:54:AB:58:40:50:87:5C:41:45:53:59:A1:51:B8:A1:A6:B2:56:5F:AC:5D:4B:5E:BE:B6:A3:52:B5:4D:A1:AD:5B:BA:4B:46:A2:43:82:61:81:6B:5F:61:9A:6F:98:61:74:6A:82:7B:83:75:B7:60:69:62:6B:6F:95:71:70:72:71:8F:76:68:6F:66:15:3D:16:ED:1B:19:1C:E6:EF:E8:18:19:EE:16:E5:1B:FA:0E:1F:F9:F2:F4:A4:38:E6:1D:E6:EE:08:F1:E6:EE:3B:27:13:2B:CE:22:3D:23:23:26:DD:2A:DD:CF:CC:C3:D4:34:38:DC:3B:D0:3F:C8:29:37:DA:CE:35:20:DA:CA:27:DE:F1:D1:24:24:27:DF:3C:3C:D7:28:23:29:3D:C6:34:DA:24:20:CF:3B:35:CD:C3:C3:D0:3A:D2:29:28:C1:FE:FB:F9:0E:F7:03:FB:12:06:FF:FD:06:05:29:E0:0A:FA:15:E6:F8:E1:EF:15:E7:16:EA:E3:3A:E7:13:E3:1B:6C:89:60:9A:94:71:8C:97:B0:9B:7F:66:97:62:53:A8:77:AC:59:70:41:65:A1:74:B1:88:83:83:83:79:7B:90:B8:41:56:41:B0:94:BD:90:BE:B2:B7:51:B9:B6:59:F7:48:B1:A2:AE:B9:4B:AD:BF:A6:49:4C:A0:BE:5B:5C:AA:58:50:42:57:A7:B4:5D:7F:AF:4E:5C:B5:5A:AB:4A:8A:BB:6F:69:41:58:48:5D:A1:9C:BC:AC:9E:47:B9:4D:A9:8D:82:79:87:8A:69:69:7C:7D:71:72:75:70:8C:72:98:6F:66:93:6D:77:86:78:70:80:66:9E:72:8A:6E:8F:94:EE:E8:04:12:E7:1D:05:EA:F5:E7:1C:EE:11:15:E0:FA:F5:09:08:F3:1B:F5:F9:04:02:10:F5:F5:F8:FC:0D:EA:36:35:30:C7:2A:E0:2C:8D:33:CD:C2:C3:37:1B:CB:23:C6:24:33:02:35:D4:D5:C6:06:2E:02:DE:D2:2D:D7:FF:C6:0F:D6:D9:39:CC:2C:D3:36:D4:3C:C6:32:F2:2F:DA:'),
('3', 10, 39, '50:57:44:5F:48:53:31:3A:01:4D:46:4B:1B:D1:82:14:4B:FF:52:20:76:D1:D1:4A:2D:33:C2:AF:AB:43:CE:D9:0C:19:16:1E:E1:25:02:49:'),
('4', 0, 39, '1E:14:0B:17:13:12:1B:0C:52:7A:51:50:57:56:55:54:4B:4A:49:48:4F:4E:4D:4C:43:42:41:40:47:46:45:44:7B:7A:79:78:7F:7E:7D:7C:73:72:71:70:77:76:75:74:6B:6A:69:68:6F:6E:6D:6C:63:62:61:60:67:66:65:64:1B:1A:19:18:1F:1E:1D:1C:13:12:11:10:17:16:15:14:8B:D5:BF:0B:16:37:2C:5D:5A:5E:75:7C:60:86:CA:07:36:34:39:39:2B:3C:38:3F:2A:3E:3E:22:27:32:32:3E:23:2C:32:34:0D:BF:B2:F0:F7:99:76:A0:9B:41:39:3D:FF:C6:C1:F9:FC:C6:C7:F5:28:06:6B:FA:FB:C8:75:1B:42:CB:C7:C9:DE:DC:D9:DF:C6:D1:CE:C5:CA:CE:D1:C5:F6:F9:E4:E6:F1:F8:EA:F3:F4:E8:F3:E4:FA:F8:ED:FB:EA:EF:FA:E6:EB:F4:E9:ED:E3:EF:EE:E7:F4:F7:F3:E8:95:8E:96:88:88:95:84:87:8D:8D:86:96:9C:B6:96:84:83:82:8C:9B:9D:9F:99:94:93:9D:93:AC:C7:BE:C5:AC:FA:EE:BC:A2:27:5D:76:AC:FF:75:81:65:E8:27:CB:F1:34:0A:E7:19:27:93:3B:97:30:D5:22:33:FD:2E:2A:33:FD:1E:FA:0E:EB:02:FB:1F:EF:03:67:62:3A:56:55:54:4B:4A:49:48:4F:4E:4D:4C:43:42:41:40:47:46:45:44:7B:7A:79:78:7F:7E:7D:7C:73:72:71:70:07:04:38:E1:31:F4:C2:10:D8:25:5A:DF:AB:E2:EC:E3:F3:C6:C6:C4:96:4D:DA:A9:97:DE:5A:DA:D5:70:98:92:BA:16:15:14:0B:0A:09:08:0F:0E:0D:0C:03:02:01:00:07:06:05:04:3B:3A:39:38:3F:3E:3D:3C:33:32:31:30:97:EE:DD:F4:4B:FA:E1:C8:07:0E:4D:EC:03:7A:E1:F0:EF:96:9C:E5:03:7A:F9:08:3F:86:3D:1C:5B:76:64:E5:BB:D6:D5:D4:CB:CA:C9:C8:CF:CE:CD:CC:C3:C2:C1:C0:C7:C6:C5:C4:FB:FA:F9:F8:FF:FE:FD:FC:F3:F2:F1:F0:08:09:0A:0B:14:15:16:17:10:11:12:13:1C:1D:1E:1F:18:19:1A:1B:64:65:66:B7:9F:9E:9D:5C:6C:6D:6E:90:97:96:95:68:74:75:86:88:8F:8E:0D:73:7C:7D:81:80:87:86:7D:7B:44:B5:B9:B8:BF:BE:42:43:4C:B2:B1:B0:B7:46:4A:4B:A4:AA:A9:A8:AF:50:52:53:A5:88:A1:A0:47:59:5A:BB:F2:58:59:58:A3:A1:A2:CC:79:52:51:B0:A8:A9:5A:70:4B:4A:49:B4:B0:B1:67:4D:43:42:81:BF:B8:E9:EF:44:7B:7A:85:87:80:54:7D:7C:73:B2:8E:8F:D8:74:F5:74:6B:96:96:97:6C:6E:65:6C:B3:9D:9E:4F:67:CE:65:64:E7:E5:E6:1A:9F:14:1D:F8:EC:ED:2E:10:BF:16:01:EA:F4:F5:0A:08:0F:0E:0D:F3:FC:FD:01:00:07:06:F5:FB:C4:35:39:38:3F:3E:C2:C3:CC:1D:38:30:37:C9:CA:CB:D4:80:83:82:D1:D1:D2:D3:DC:DD:DE:DF:D8:D9:DA:DB:24:25:26:27:20:21:22:23:2C:2D:2E:2F:28:A7:4B:CC:D3:CA:C9:C8:C9:67:2E:0E:06:51:CA:77:7A:22:C7:1D:D9:04:02:08:D4:1A:EB:F8:E8:02:F8:B2:C7:CE:D5:F8:FD:B3:C8:8E:EF:2E:EC:EC:E3:1A:E0:E0:3B:19:E4:E4:47:65:9E:98:43:E1:9A:9C:53:ED:56:91:57:A9:55:95:4B:B3:49:89:8F:8E:8D:8C:83:82:81:80:84:BE:82:84:C8:C5:B6:B8:4C:C1:B2:BC:4D:CD:BE:B0:59:49:B2:B4:25:55:A8:A8:6F:53:AA:AC:63:5D:A6:A0:5F:59:B8:A4:A0:B5:44:58:A4:BE:40:5C:AC:AC:AC:AC:A4:A4:A4:A4:BC:BC:BC:BC:A4:A4:A4:A4:AC:AC:AC:AC:A4:A4:A4:A4:9C:9C:9C:9C:E4:E4:E4:E4:EC:EC:EC:EC:E4:E4:E4:E4:FC:FC:FC:FC:E4:E4:E4:E4:EC:EC:EC:EC:E4:E4:E4:E4:9C:9C:9C:9C:A4:A4:A4:A4:AC:AC:AC:AC:A4:A4:A4:A4:BC:BC:BC:BC:A4:A4:A4:A4:AC:AC:AC:AC:A4:A4:A4:A4:9C:9C:9C:9C:64:64:64:64:6C:6C:6C:6C:64:64:64:64:E4:D7:D4:39:DE:2C:DD:21:23:21:D5:0F:2C:D4:2F:CC:DF:33:34:DA:2A:DF:2A:DD:2F:C1:CE:2F:D2:D6:D2:35:DF:CD:C0:3E:CD:3A:C3:C7:2D:35:20:C0:C1:C7:31:28:07:06:0A:FF:F1:05:FB:06:E4:FC:F3:F6:D2:EC:08:18:18:E4:EE:E9:FA:E4:EF:E4:1E:06:EB:E3:19:E1:0A:E8:6E:99:6A:95:9E:72:62:94:6E:9A:6C:8E:9D:95:60:68:66:8B:75:70:6A:8C:78:98:64:C8:4A:8F:9E:7F:9F:5D:8D:9C:41:90:AB:40:55:A9:A6:4D:BF:49:A1:41:49:A3:BC:B5:44:52:53:44:42:BD:AB:54:4E:7B:BF:5D:A9:B9:A6:A0:51:AA:A1:A0:A6:88:A0:AE:A0:59:AB:B1:44:5C:BE:45:41:BD:B6:B1:AA:49:BC:A9:BF:F0:67:46:59:43:66:A5:AD:81:7E:6A:8C:98:52:62:8D:70:8D:50:87:7A:8C:61:69:7E:82:94:90:9D:4B:90:69:98:6B:72:9D:92:FD:E6:F2:FD:2F:08:F6:EC:F8:16:1A:E4:06:14:17:11:0E:03:00:D3:07:FB:03:0C:08:EE:F3:0C:C4:2A:DA:25:D2:39:E3:19:D8:CA:C9:EA:EF:28:3E:16:22:14:D0:32:01:D5:F5:D9:D7:DD:F0:35:F7:20:CF:0F:FD:25:EC:D9:F2:D9:22:3E:36:00:29:22:34:DA:CB:DD:04:D4:3E:C7:EF:38:ED:37:CF:2B:35:C0:D0:CE:CE:1F:E3:C4:CD:2A:07:F2:F8:EA:EE:ED:F3:08:03:09:ED:DC:00:01:F3:F4:17:E1:00:07:DC:1C:0A:17:1F:F0:19:E4:C4:1A:3D:1F:76:99:6B:94:9F:6E:6B:96:98:80:91:95:BF:8B:6A:69:8B:90:8F:89:8F:8E:8D:8C:80:B2:81:80:36:8F:B4:7B:58:BC:4C:B9:A6:43:44:B6:A9:64:BA:55:BA:51:B4:96:8A:5D:65:A2:55:51:5E:40:42:A0:A0:54:AB:58:40:50:87:5C:41:45:53:59:A1:51:B8:A1:A6:B2:56:5F:AC:5D:4B:5E:BE:B6:A3:52:B5:4D:A1:AD:5B:BA:4B:46:A2:43:82:61:81:6B:5F:61:9A:6F:98:61:74:6A:82:7B:83:75:B7:60:69:62:6B:6F:95:71:70:72:71:8F:76:68:6F:66:15:3D:16:ED:1B:19:1C:E6:EF:E8:18:19:EE:16:E5:1B:FA:0E:1F:F9:F2:F4:A4:38:E6:1D:E6:EE:08:F1:E6:EE:3B:27:13:2B:CE:22:3D:23:23:26:DD:2A:DD:CF:CC:C3:D4:34:38:DC:3B:D0:3F:C8:29:37:DA:CE:35:20:DA:CA:27:DE:F1:D1:24:24:27:DF:3C:3C:D7:28:23:29:3D:C6:34:DA:24:20:CF:3B:35:CD:C3:C3:D0:3A:D2:29:28:C1:FE:FB:F9:0E:F7:03:FB:12:06:FF:FD:06:05:29:E0:0A:FA:15:E6:F8:E1:EF:15:E7:16:EA:E3:3A:E7:13:E3:1B:6C:89:60:9A:94:71:8C:97:B0:9B:7F:66:97:62:53:A8:77:AC:59:70:41:65:A1:74:B1:88:83:83:83:79:7B:90:B8:41:56:41:B0:94:BD:90:BE:B2:B7:51:B9:B6:59:F7:48:B1:A2:AE:B9:4B:AD:BF:A6:49:4C:A0:BE:5B:5C:AA:58:50:42:57:A7:B4:5D:7F:AF:4E:5C:B5:5A:AB:4A:8A:BB:6F:69:41:58:48:5D:A1:9C:BC:AC:9E:47:B9:4D:A9:8D:82:79:87:8A:69:69:7C:7D:71:72:75:70:8C:72:98:6F:66:93:6D:77:86:78:70:80:66:9E:72:8A:6E:8F:94:EE:E8:04:12:E7:1D:05:EA:F5:E7:1C:EE:11:15:E0:FA:F5:09:08:F3:1B:F5:F9:04:02:10:F5:F5:F8:FC:0D:EA:36:35:30:C7:2A:E0:2C:8D:33:CD:C2:C3:37:1B:CB:23:C6:24:33:02:35:D4:D5:C6:06:2E:02:DE:D2:2D:D7:FF:C6:0F:D6:D9:39:CC:2C:D3:36:D4:3C:C6:32:F2:2F:DA:'),
('4', 10, 39, '50:57:44:5F:48:53:31:3A:01:4D:46:4B:1B:D1:82:14:4B:FF:52:20:76:D1:D1:4A:2D:33:C2:AF:AB:43:CE:D9:0C:19:16:1E:E1:25:02:49:'),
('5', 0, 39, '1E:14:0B:17:13:12:1B:0C:52:7A:51:50:57:56:55:54:4B:4A:49:48:4F:4E:4D:4C:43:42:41:40:47:46:45:44:7B:7A:79:78:7F:7E:7D:7C:73:72:71:70:77:76:75:74:6B:6A:69:68:6F:6E:6D:6C:63:62:61:60:67:66:65:64:1B:1A:19:18:1F:1E:1D:1C:13:12:11:10:17:16:15:14:8B:CD:28:0B:66:33:2A:59:5B:5F:85:6C:8E:62:CF:07:2C:35:39:3E:3A:25:37:2E:13:2D:32:24:36:2F:24:3D:3D:27:0B:20:9C:F2:11:EF:49:4C:65:E3:A7:04:3D:3D:C4:C6:C2:C7:C8:C6:F4:C3:DC:7B:53:F3:7C:6A:B8:78:04:38:D6:CC:C1:C1:DD:CB:C6:D2:D4:DF:D6:C2:C5:D3:E0:F4:EE:EC:DF:F7:F2:FF:F4:EC:FF:E7:E8:F2:E5:F0:E3:E5:FC:F7:FB:CD:F9:EC:F6:E9:ED:E1:FA:E4:C1:C1:85:BC:97:94:8C:97:88:88:82:89:98:91:8C:9A:95:9F:9F:9A:86:8B:98:89:9C:82:91:A6:A0:9E:B6:B7:AB:CB:F0:A6:0E:9C:96:44:8E:52:5D:A6:78:50:CE:EC:E6:16:09:00:36:1C:1D:C3:C1:2C:DB:DD:25:35:3C:3B:2F:DC:D3:D7:0E:D4:9B:EF:F6:2C:DC:06:D9:C5:1B:82:0E:26:02:30:31:48:4F:4E:4D:4C:43:42:41:40:47:46:45:44:7B:7A:79:78:7F:7E:7D:7C:73:72:71:70:F6:F5:33:19:EA:E2:39:05:E8:C3:2D:DB:D8:AA:11:E6:EE:C6:D6:B7:80:B8:2F:6E:BC:25:54:92:1D:22:0D:6D:98:B4:A0:91:27:2B:1C:08:0F:0E:0D:0C:03:02:01:00:07:06:05:04:3B:3A:39:38:3F:3E:3D:3C:33:32:31:30:E7:F6:85:E4:EB:EA:C9:F0:E7:F6:85:44:42:52:E9:70:66:2E:4D:A5:33:BA:F9:09:A7:2E:35:04:5B:7A:59:98:14:BD:1E:1E:EE:C6:C5:C8:CF:CE:CD:CC:C3:C2:C1:C0:C7:C6:C5:C4:FB:FA:F9:F8:FF:FE:FD:FC:F3:F2:F1:F0:08:09:FA:5C:EB:14:16:17:10:51:6D:E6:62:1D:1E:1F:18:E4:4D:E4:6F:65:66:67:34:1C:97:9C:6D:6D:6E:2F:9D:3E:95:44:74:75:76:20:8F:8E:8D:78:7C:7D:9E:80:87:86:85:7B:44:45:BA:B8:BF:BE:59:43:4C:BD:B1:B0:B7:B6:4A:4B:54:AA:A9:A8:AF:6E:52:53:AC:A2:A1:A0:E7:5E:5A:5B:59:5A:19:58:9F:A1:A2:63:53:52:51:50:83:A9:AA:57:4B:4A:49:48:B3:B1:72:4C:56:42:41:80:B8:B9:12:14:7A:7A:39:85:80:01:78:69:73:72:B0:8F:88:21:75:74:6B:6A:95:97:90:6E:6D:6C:6A:B7:9E:9F:58:66:65:74:4B:E7:E6:E7:48:1E:1D:1C:C6:ED:EE:6F:12:16:15:D4:F4:F5:F6:5F:0E:0E:A9:F2:FC:FD:FE:22:07:46:FC:FB:C4:C5:86:39:3F:DA:C2:C3:CC:CD:1A:60:A6:C9:CA:CB:D4:D5:2A:82:D1:D1:D2:D3:DC:DD:DE:DF:D8:D9:DA:DB:24:25:26:27:20:21:22:23:2C:2D:2E:2F:28:4D:5B:CC:D3:CA:C9:C8:DD:76:25:05:22:5F:3B:76:04:3B:D0:11:EE:00:00:17:D9:31:FE:17:E5:11:02:CA:EE:D9:D0:F1:C6:80:C1:96:EC:EE:ED:EC:1D:E5:E1:E0:19:E9:E5:E4:65:65:1E:9B:63:60:6A:9F:8F:6E:6E:93:97:4A:EA:94:FB:56:B6:88:73:8E:B5:8C:7F:82:B9:80:7B:87:82:84:7B:47:BE:B8:7F:41:BA:BC:4B:4D:AC:B0:4C:59:A8:B4:50:4A:B4:A8:90:AD:57:50:90:AF:57:50:A8:AF:4D:50:4B:5F:AD:B0:4B:50:AD:B0:4F:4E:4D:4C:43:42:41:40:27:26:25:24:3B:3A:39:38:3F:3E:3D:3C:33:32:31:30:17:16:15:14:6B:6A:69:68:6F:6E:6D:6C:63:62:61:60:47:46:45:44:5B:5A:59:58:5F:5E:5D:5C:53:52:51:50:37:36:35:34:0B:0A:09:08:0F:0E:0D:0C:03:02:01:00:E7:E6:E5:E4:FB:FA:F9:F8:FF:FE:FD:FC:F3:F2:F1:F0:D7:D6:D5:D4:2B:2A:29:28:2F:2E:2D:2C:23:22:21:20:E4:D7:D4:39:DE:2C:DD:21:23:21:D5:0F:2C:D4:2F:CC:DF:33:34:DA:2A:DF:2A:DD:2F:C1:CE:2F:D2:D6:D2:35:DF:CD:C0:3E:CD:3A:C3:C7:2D:35:20:C0:C1:C7:31:28:07:06:0A:FF:F1:05:FB:06:E4:FC:F3:F6:D2:EC:08:18:18:E4:EE:E9:FA:E4:EF:E4:1E:06:EB:E3:19:E1:0A:E8:6E:99:6A:95:9E:72:62:94:6E:9A:6C:8E:9D:95:60:68:66:8B:75:70:6A:8C:78:98:64:C8:4A:8F:9E:7F:9F:5D:8D:9C:41:90:AB:40:55:A9:A6:4D:BF:49:A1:41:49:A3:BC:B5:44:52:53:44:42:BD:AB:54:4E:7B:BF:5D:A9:B9:A6:A0:51:AA:A1:A0:A6:88:A0:AE:A0:59:AB:B1:44:5C:BE:45:41:BD:B6:B1:AA:49:BC:A9:BF:F0:67:46:59:43:66:A5:AD:81:7E:6A:8C:98:52:62:8D:70:8D:50:87:7A:8C:61:69:7E:82:94:90:9D:4B:90:69:98:6B:72:9D:92:FD:E6:F2:FD:2F:08:F6:EC:F8:16:1A:E4:06:14:17:11:0E:03:00:D3:07:FB:03:0C:08:EE:F3:0C:C4:2A:DA:25:D2:39:E3:19:D8:CA:C9:EA:EF:28:3E:16:22:14:D0:32:01:D5:F5:D9:D7:DD:F0:35:F7:20:CF:0F:FD:25:EC:D9:F2:D9:22:3E:36:00:29:22:34:DA:CB:DD:04:D4:3E:C7:EF:38:ED:37:CF:2B:35:C0:D0:CE:CE:1F:E3:C4:CD:2A:07:F2:F8:EA:EE:ED:F3:08:03:09:ED:DC:00:01:F3:F4:17:E1:00:07:DC:1C:0A:17:1F:F0:19:E4:C4:1A:3D:1F:76:99:6B:94:9F:6E:6B:96:98:80:91:95:BF:8B:6A:69:8B:90:8F:89:8F:8E:8D:8C:80:B2:81:80:36:8F:B4:7B:58:BC:4C:B9:A6:43:44:B6:A9:64:BA:55:BA:51:B4:96:8A:5D:65:A2:55:51:5E:40:42:A0:A0:54:AB:58:40:50:87:5C:41:45:53:59:A1:51:B8:A1:A6:B2:56:5F:AC:5D:4B:5E:BE:B6:A3:52:B5:4D:A1:AD:5B:BA:4B:46:A2:43:82:61:81:6B:5F:61:9A:6F:98:61:74:6A:82:7B:83:75:B7:60:69:62:6B:6F:95:71:70:72:71:8F:76:68:6F:66:15:3D:16:ED:1B:19:1C:E6:EF:E8:18:19:EE:16:E5:1B:FA:0E:1F:F9:F2:F4:A4:38:E6:1D:E6:EE:08:F1:E6:EE:3B:27:13:2B:CE:22:3D:23:23:26:DD:2A:DD:CF:CC:C3:D4:34:38:DC:3B:D0:3F:C8:29:37:DA:CE:35:20:DA:CA:27:DE:F1:D1:24:24:27:DF:3C:3C:D7:28:23:29:3D:C6:34:DA:24:20:CF:3B:35:CD:C3:C3:D0:3A:D2:29:28:C1:FE:FB:F9:0E:F7:03:FB:12:06:FF:FD:06:05:29:E0:0A:FA:15:E6:F8:E1:EF:15:E7:16:EA:E3:3A:E7:13:E3:1B:6C:89:60:9A:94:71:8C:97:B0:9B:7F:66:97:62:53:A8:77:AC:59:70:41:65:A1:74:B1:88:83:83:83:79:7B:90:B8:41:56:41:B0:94:BD:90:BE:B2:B7:51:B9:B6:59:F7:48:B1:A2:AE:B9:4B:AD:BF:A6:49:4C:A0:BE:5B:5C:AA:58:50:42:57:A7:B4:5D:7F:AF:4E:5C:B5:5A:AB:4A:8A:BB:6F:69:41:58:48:5D:A1:9C:BC:AC:9E:47:B9:4D:A9:8D:82:79:87:8A:69:69:7C:7D:71:72:75:70:8C:72:98:6F:66:93:6D:77:86:78:70:80:66:9E:72:8A:6E:8F:94:EE:E8:04:12:E7:1D:05:EA:F5:E7:1C:EE:11:15:E0:FA:F5:09:08:F3:1B:F5:F9:04:02:10:F5:F5:F8:FC:0D:EA:36:35:30:C7:2A:E0:2C:8D:33:CD:C2:C3:37:1B:CB:23:C6:24:33:02:35:D4:D5:C6:06:2E:02:DE:D2:2D:D7:FF:C6:0F:D6:D9:39:CC:2C:D3:36:D4:3C:C6:32:F2:2F:DA:'),
('5', 10, 39, '50:57:44:5F:48:53:31:3A:01:4D:46:4B:1B:D1:82:14:4B:FF:52:20:76:D1:D1:4A:2D:33:C2:AF:AB:43:CE:D9:0C:19:16:1E:E1:25:02:49:');

-- --------------------------------------------------------

--
-- Struktur dari tabel `tb_user`
--

CREATE TABLE `tb_user` (
  `pin` text NOT NULL,
  `nama` text NOT NULL,
  `pwd` text NOT NULL,
  `rfid` text NOT NULL,
  `privilege` int(11) NOT NULL
) ENGINE=InnoDB DEFAULT CHARSET=latin1;

--
-- Dumping data untuk tabel `tb_user`
--

INSERT INTO `tb_user` (`pin`, `nama`, `pwd`, `rfid`, `privilege`) VALUES
('1', 'yuswa', '123456', '18716692', 0),
('2', 'arbi', '123456', '', 0),
('3', 'timo', '123456', '', 0),
('4', 'kevin', '123456', '', 0),
('5', 'okto', '123456', '', 0);

--
-- Indexes for dumped tables
--

--
-- Indexes for table `tb_device`
--
ALTER TABLE `tb_device`
  ADD PRIMARY KEY (`No`);

--
-- AUTO_INCREMENT for dumped tables
--

--
-- AUTO_INCREMENT for table `tb_device`
--
ALTER TABLE `tb_device`
  MODIFY `No` int(11) NOT NULL AUTO_INCREMENT, AUTO_INCREMENT=30;
COMMIT;

/*!40101 SET CHARACTER_SET_CLIENT=@OLD_CHARACTER_SET_CLIENT */;
/*!40101 SET CHARACTER_SET_RESULTS=@OLD_CHARACTER_SET_RESULTS */;
/*!40101 SET COLLATION_CONNECTION=@OLD_COLLATION_CONNECTION */;
